Date,temp_avg,temp_max,temp_min,Month,Year,Season,Winter,Spring,Summer,Autumn,Weighted_Temp
1908-01,-3.5,0.1,-7.5,1,1908,Winter,-2.59,-1.86,-1.62,-1.54,-3.045
1908-02,-4.0,0.8,-8.8,2,1908,Winter,-2.59,-1.86,-1.62,-1.54,-3.295
1908-03,2.9,8.1,-1.7,3,1908,Spring,-2.59,-1.86,-1.62,-1.54,0.5199999999999999
1908-04,10.1,16.5,4.6,4,1908,Spring,-2.59,-1.86,-1.62,-1.54,4.12
1908-05,14.9,21.1,10.0,5,1908,Spring,-2.59,-1.86,-1.62,-1.54,6.5200000000000005
1908-06,20.7,26.8,16.3,6,1908,Summer,-2.59,-1.86,-1.62,-1.54,9.54
1908-07,23.5,27.6,20.3,7,1908,Summer,-2.59,-1.86,-1.62,-1.54,10.94
1908-08,24.3,29.2,21.0,8,1908,Summer,-2.59,-1.86,-1.62,-1.54,11.34
1908-09,19.3,25.0,14.7,9,1908,Autumn,-2.59,-1.86,-1.62,-1.54,8.88
1908-10,13.6,19.9,7.7,10,1908,Autumn,-2.59,-1.86,-1.62,-1.54,6.029999999999999
1908-11,3.6,8.9,-1.5,11,1908,Autumn,-2.59,-1.86,-1.62,-1.54,1.03
1908-12,-0.8,4.7,-6.0,12,1908,Winter,-2.59,-1.86,-1.62,-1.54,-1.6949999999999998
1909-01,-2.5,2.0,-7.3,1,1909,Winter,-2.42,-1.96,-0.99,-1.69,-2.46
1909-02,-3.2,2.1,-8.6,2,1909,Winter,-2.42,-1.96,-0.99,-1.69,-2.81
1909-03,1.8,7.3,-3.1,3,1909,Spring,-2.42,-1.96,-0.99,-1.69,-0.07999999999999996
1909-04,10.4,16.6,4.6,4,1909,Spring,-2.42,-1.96,-0.99,-1.69,4.220000000000001
1909-05,15.4,21.8,10.2,5,1909,Spring,-2.42,-1.96,-0.99,-1.69,6.720000000000001
1909-06,20.6,26.7,15.8,6,1909,Summer,-2.42,-1.96,-0.99,-1.69,9.805000000000001
1909-07,24.6,28.8,21.4,7,1909,Summer,-2.42,-1.96,-0.99,-1.69,11.805000000000001
1909-08,25.3,29.5,22.3,8,1909,Summer,-2.42,-1.96,-0.99,-1.69,12.155000000000001
1909-09,20.2,25.8,15.8,9,1909,Autumn,-2.42,-1.96,-0.99,-1.69,9.254999999999999
1909-10,12.2,18.4,6.6,10,1909,Autumn,-2.42,-1.96,-0.99,-1.69,5.255
1909-11,5.2,11.4,-0.8,11,1909,Autumn,-2.42,-1.96,-0.99,-1.69,1.7550000000000001
1909-12,-3.4,1.0,-7.8,12,1909,Winter,-2.42,-1.96,-0.99,-1.69,-2.91
1910-01,-2.2,1.9,-5.6,1,1910,Winter,-2.53,-2.32,-1.01,-1.61,-2.365
1910-02,-3.4,2.0,-8.2,2,1910,Winter,-2.53,-2.32,-1.01,-1.61,-2.965
1910-03,2.5,7.9,-2.6,3,1910,Spring,-2.53,-2.32,-1.01,-1.61,0.09000000000000008
1910-04,9.9,16.5,4.3,4,1910,Spring,-2.53,-2.32,-1.01,-1.61,3.79
1910-05,16.3,24.3,10.1,5,1910,Spring,-2.53,-2.32,-1.01,-1.61,6.99
1910-06,19.8,25.3,15.6,6,1910,Summer,-2.53,-2.32,-1.01,-1.61,9.395
1910-07,23.3,27.2,20.5,7,1910,Summer,-2.53,-2.32,-1.01,-1.61,11.145
1910-08,24.2,29.2,20.8,8,1910,Summer,-2.53,-2.32,-1.01,-1.61,11.594999999999999
1910-09,19.1,24.4,14.9,9,1910,Autumn,-2.53,-2.32,-1.01,-1.61,8.745000000000001
1910-10,13.7,21.3,7.2,10,1910,Autumn,-2.53,-2.32,-1.01,-1.61,6.045
1910-11,5.5,10.9,0.6,11,1910,Autumn,-2.53,-2.32,-1.01,-1.61,1.9449999999999998
1910-12,-4.6,0.2,-9.4,12,1910,Winter,-2.53,-2.32,-1.01,-1.61,-3.5649999999999995
1911-01,-5.0,0.0,-10.0,1,1911,Winter,-2.2,-1.7,-0.56,-1.58,-3.6
1911-02,-1.1,4.0,-5.4,2,1911,Winter,-2.2,-1.7,-0.56,-1.58,-1.6500000000000001
1911-03,4.0,8.5,0.0,3,1911,Spring,-2.2,-1.7,-0.56,-1.58,1.15
1911-04,9.4,15.5,4.3,4,1911,Spring,-2.2,-1.7,-0.56,-1.58,3.85
1911-05,15.6,22.6,9.7,5,1911,Spring,-2.2,-1.7,-0.56,-1.58,6.95
1911-06,20.3,26.1,15.9,6,1911,Summer,-2.2,-1.7,-0.56,-1.58,9.870000000000001
1911-07,23.5,28.0,20.2,7,1911,Summer,-2.2,-1.7,-0.56,-1.58,11.47
1911-08,25.0,30.6,21.0,8,1911,Summer,-2.2,-1.7,-0.56,-1.58,12.22
1911-09,20.8,25.8,16.7,9,1911,Autumn,-2.2,-1.7,-0.56,-1.58,9.61
1911-10,11.6,18.0,5.9,10,1911,Autumn,-2.2,-1.7,-0.56,-1.58,5.01
1911-11,6.0,10.8,1.3,11,1911,Autumn,-2.2,-1.7,-0.56,-1.58,2.21
1911-12,-3.0,1.4,-7.9,12,1911,Winter,-2.2,-1.7,-0.56,-1.58,-2.6
1912-01,-4.7,0.4,-10.1,1,1912,Winter,-1.93,-1.3,-1.18,-2.6,-3.315
1912-02,1.0,6.0,-3.6,2,1912,Winter,-1.93,-1.3,-1.18,-2.6,-0.46499999999999997
1912-03,4.1,9.5,-1.0,3,1912,Spring,-1.93,-1.3,-1.18,-2.6,1.4
1912-04,9.8,16.0,4.2,4,1912,Spring,-1.93,-1.3,-1.18,-2.6,4.25
1912-05,14.8,20.7,9.5,5,1912,Spring,-1.93,-1.3,-1.18,-2.6,6.75
1912-06,20.7,26.8,15.8,6,1912,Summer,-1.93,-1.3,-1.18,-2.6,9.76
1912-07,23.8,28.4,19.8,7,1912,Summer,-1.93,-1.3,-1.18,-2.6,11.31
1912-08,24.6,29.2,21.2,8,1912,Summer,-1.93,-1.3,-1.18,-2.6,11.71
1912-09,17.7,24.6,12.1,9,1912,Autumn,-1.93,-1.3,-1.18,-2.6,7.55
1912-10,11.1,17.5,4.7,10,1912,Autumn,-1.93,-1.3,-1.18,-2.6,4.25
1912-11,1.4,6.8,-3.8,11,1912,Autumn,-1.93,-1.3,-1.18,-2.6,-0.6000000000000001
1912-12,-3.0,1.5,-7.9,12,1912,Winter,-1.93,-1.3,-1.18,-2.6,-2.465
1913-01,-5.1,-0.3,-10.6,1,1913,Winter,-2.53,-2.15,-1.56,-1.53,-3.8149999999999995
1913-02,-3.7,1.5,-8.9,2,1913,Winter,-2.53,-2.15,-1.56,-1.53,-3.115
1913-03,1.9,8.1,-3.9,3,1913,Spring,-2.53,-2.15,-1.56,-1.53,-0.125
1913-04,10.9,17.4,5.2,4,1913,Spring,-2.53,-2.15,-1.56,-1.53,4.375
1913-05,14.4,20.5,9.4,5,1913,Spring,-2.53,-2.15,-1.56,-1.53,6.125
1913-06,20.2,25.3,16.1,6,1913,Summer,-2.53,-2.15,-1.56,-1.53,9.32
1913-07,22.3,26.4,18.8,7,1913,Summer,-2.53,-2.15,-1.56,-1.53,10.370000000000001
1913-08,23.8,29.0,19.7,8,1913,Summer,-2.53,-2.15,-1.56,-1.53,11.120000000000001
1913-09,19.3,25.9,13.7,9,1913,Autumn,-2.53,-2.15,-1.56,-1.53,8.885
1913-10,13.0,19.5,7.2,10,1913,Autumn,-2.53,-2.15,-1.56,-1.53,5.735
1913-11,4.9,11.2,-1.2,11,1913,Autumn,-2.53,-2.15,-1.56,-1.53,1.685
1913-12,-1.9,2.6,-6.6,12,1913,Winter,-2.53,-2.15,-1.56,-1.53,-2.215
1914-01,-2.2,2.0,-6.2,1,1914,Winter,-1.3,-0.74,0.65,-0.31,-1.75
1914-02,0.5,5.0,-3.8,2,1914,Winter,-1.3,-0.74,0.65,-0.31,-0.4
1914-03,5.2,10.1,0.7,3,1914,Spring,-1.3,-0.74,0.65,-0.31,2.23
1914-04,10.5,16.0,5.8,4,1914,Spring,-1.3,-0.74,0.65,-0.31,4.88
1914-05,17.3,23.8,11.8,5,1914,Spring,-1.3,-0.74,0.65,-0.31,8.280000000000001
1914-06,21.4,26.7,17.4,6,1914,Summer,-1.3,-0.74,0.65,-0.31,11.024999999999999
1914-07,26.1,30.4,23.1,7,1914,Summer,-1.3,-0.74,0.65,-0.31,13.375
1914-08,25.5,29.9,22.3,8,1914,Summer,-1.3,-0.74,0.65,-0.31,13.075
1914-09,20.6,26.0,16.3,9,1914,Autumn,-1.3,-0.74,0.65,-0.31,10.145000000000001
1914-10,13.7,19.7,8.9,10,1914,Autumn,-1.3,-0.74,0.65,-0.31,6.694999999999999
1914-11,6.1,11.2,1.5,11,1914,Autumn,-1.3,-0.74,0.65,-0.31,2.895
1914-12,-1.0,3.1,-5.2,12,1914,Winter,-1.3,-0.74,0.65,-0.31,-1.15
1915-01,-3.9,0.5,-8.5,1,1915,Winter,-2.11,-1.92,-0.95,-0.26,-3.005
1915-02,-2.7,1.6,-7.0,2,1915,Winter,-2.11,-1.92,-0.95,-0.26,-2.4050000000000002
1915-03,0.6,5.2,-3.5,3,1915,Spring,-2.11,-1.92,-0.95,-0.26,-0.6599999999999999
1915-04,9.4,14.9,4.4,4,1915,Spring,-2.11,-1.92,-0.95,-0.26,3.74
1915-05,15.3,21.1,10.7,5,1915,Spring,-2.11,-1.92,-0.95,-0.26,6.69
1915-06,20.7,25.8,16.8,6,1915,Summer,-2.11,-1.92,-0.95,-0.26,9.875
1915-07,25.1,29.5,22.1,7,1915,Summer,-2.11,-1.92,-0.95,-0.26,12.075000000000001
1915-08,24.4,29.1,21.0,8,1915,Summer,-2.11,-1.92,-0.95,-0.26,11.725
1915-09,19.3,24.4,15.1,9,1915,Autumn,-2.11,-1.92,-0.95,-0.26,9.52
1915-10,14.7,20.4,10.0,10,1915,Autumn,-2.11,-1.92,-0.95,-0.26,7.22
1915-11,6.2,11.7,1.4,11,1915,Autumn,-2.11,-1.92,-0.95,-0.26,2.97
1915-12,0.8,5.7,-3.9,12,1915,Winter,-2.11,-1.92,-0.95,-0.26,-0.6549999999999999
1916-01,0.0,4.6,-4.2,1,1916,Winter,-0.97,-1.32,-0.68,-0.51,-0.485
1916-02,-0.8,4.4,-5.0,2,1916,Winter,-0.97,-1.32,-0.68,-0.51,-0.885
1916-03,0.4,6.2,-4.5,3,1916,Spring,-0.97,-1.32,-0.68,-0.51,-0.46
1916-04,10.5,16.4,6.0,4,1916,Spring,-0.97,-1.32,-0.68,-0.51,4.59
1916-05,14.5,21.7,9.4,5,1916,Spring,-0.97,-1.32,-0.68,-0.51,6.59
1916-06,20.1,26.8,15.7,6,1916,Summer,-0.97,-1.32,-0.68,-0.51,9.71
1916-07,23.6,28.4,19.9,7,1916,Summer,-0.97,-1.32,-0.68,-0.51,11.46
1916-08,25.5,30.5,21.6,8,1916,Summer,-0.97,-1.32,-0.68,-0.51,12.41
1916-09,19.2,24.1,15.6,9,1916,Autumn,-0.97,-1.32,-0.68,-0.51,9.344999999999999
1916-10,12.7,18.9,7.3,10,1916,Autumn,-0.97,-1.32,-0.68,-0.51,6.095
1916-11,6.5,12.3,1.5,11,1916,Autumn,-0.97,-1.32,-0.68,-0.51,2.995
1916-12,-1.4,3.9,-6.3,12,1916,Winter,-0.97,-1.32,-0.68,-0.51,-1.185
1917-01,-9.0,-3.7,-14.4,1,1917,Winter,-2.77,-1.63,0.1,-1.46,-5.885
1917-02,-3.4,1.9,-8.8,2,1917,Winter,-2.77,-1.63,0.1,-1.46,-3.085
1917-03,2.8,8.8,-2.2,3,1917,Spring,-2.77,-1.63,0.1,-1.46,0.585
1917-04,10.2,17.1,4.1,4,1917,Spring,-2.77,-1.63,0.1,-1.46,4.285
1917-05,14.1,20.2,9.0,5,1917,Spring,-2.77,-1.63,0.1,-1.46,6.234999999999999
1917-06,21.5,28.4,15.8,6,1917,Summer,-2.77,-1.63,0.1,-1.46,10.8
1917-07,25.7,31.0,21.6,7,1917,Summer,-2.77,-1.63,0.1,-1.46,12.9
1917-08,24.8,30.0,20.7,8,1917,Summer,-2.77,-1.63,0.1,-1.46,12.450000000000001
1917-09,20.0,25.1,15.8,9,1917,Autumn,-2.77,-1.63,0.1,-1.46,9.27
1917-10,13.2,20.2,7.6,10,1917,Autumn,-2.77,-1.63,0.1,-1.46,5.869999999999999
1917-11,3.3,8.4,-1.3,11,1917,Autumn,-2.77,-1.63,0.1,-1.46,0.9199999999999999
1917-12,-5.7,-1.2,-10.2,12,1917,Winter,-2.77,-1.63,0.1,-1.46,-4.235
1918-01,-7.5,-1.8,-13.4,1,1918,Winter,-2.34,-1.14,-0.33,-0.76,-4.92
1918-02,0.1,5.3,-4.7,2,1918,Winter,-2.34,-1.14,-0.33,-0.76,-1.1199999999999999
1918-03,4.3,10.3,-1.1,3,1918,Spring,-2.34,-1.14,-0.33,-0.76,1.58
1918-04,10.9,17.4,5.3,4,1918,Spring,-2.34,-1.14,-0.33,-0.76,4.88
1918-05,14.8,20.4,10.0,5,1918,Spring,-2.34,-1.14,-0.33,-0.76,6.83
1918-06,20.1,25.5,15.4,6,1918,Summer,-2.34,-1.14,-0.33,-0.76,9.885000000000002
1918-07,23.3,27.9,19.7,7,1918,Summer,-2.34,-1.14,-0.33,-0.76,11.485000000000001
1918-08,24.7,29.8,20.9,8,1918,Summer,-2.34,-1.14,-0.33,-0.76,12.185
1918-09,19.2,25.2,14.4,9,1918,Autumn,-2.34,-1.14,-0.33,-0.76,9.219999999999999
1918-10,12.9,20.0,6.8,10,1918,Autumn,-2.34,-1.14,-0.33,-0.76,6.07
1918-11,4.6,9.6,0.0,11,1918,Autumn,-2.34,-1.14,-0.33,-0.76,1.92
1918-12,-1.5,3.5,-6.1,12,1918,Winter,-2.34,-1.14,-0.33,-0.76,-1.92
1919-01,-4.7,-0.8,-9.0,1,1919,Winter,-1.05,-1.04,-0.25,-0.46,-2.875
1919-02,-1.7,4.5,-7.3,2,1919,Winter,-1.05,-1.04,-0.25,-0.46,-1.375
1919-03,4.9,10.7,-0.5,3,1919,Spring,-1.05,-1.04,-0.25,-0.46,1.9300000000000002
1919-04,10.2,17.1,4.0,4,1919,Spring,-1.05,-1.04,-0.25,-0.46,4.58
1919-05,16.1,22.5,10.4,5,1919,Spring,-1.05,-1.04,-0.25,-0.46,7.530000000000001
1919-06,21.0,26.3,16.8,6,1919,Summer,-1.05,-1.04,-0.25,-0.46,10.375
1919-07,25.6,31.2,21.5,7,1919,Summer,-1.05,-1.04,-0.25,-0.46,12.675
1919-08,26.3,32.2,21.7,8,1919,Summer,-1.05,-1.04,-0.25,-0.46,13.025
1919-09,19.5,25.3,14.6,9,1919,Autumn,-1.05,-1.04,-0.25,-0.46,9.52
1919-10,12.8,18.9,7.3,10,1919,Autumn,-1.05,-1.04,-0.25,-0.46,6.17
1919-11,5.8,11.8,0.2,11,1919,Autumn,-1.05,-1.04,-0.25,-0.46,2.67
1919-12,-2.7,2.2,-7.9,12,1919,Winter,-1.05,-1.04,-0.25,-0.46,-1.875
1920-01,-6.8,-1.9,-12.7,1,1920,Winter,-1.42,0.32,0.89,0.44,-4.109999999999999
1920-02,-3.2,1.0,-7.5,2,1920,Winter,-1.42,0.32,0.89,0.44,-2.31
1920-03,5.1,10.5,0.2,3,1920,Spring,-1.42,0.32,0.89,0.44,2.71
1920-04,10.4,16.9,4.3,4,1920,Spring,-1.42,0.32,0.89,0.44,5.36
1920-05,17.3,24.4,11.5,5,1920,Spring,-1.42,0.32,0.89,0.44,8.81
1920-06,21.6,27.8,16.3,6,1920,Summer,-1.42,0.32,0.89,0.44,11.245000000000001
1920-07,25.2,29.9,21.6,7,1920,Summer,-1.42,0.32,0.89,0.44,13.045
1920-08,25.0,30.0,21.2,8,1920,Summer,-1.42,0.32,0.89,0.44,12.945
1920-09,21.1,26.4,16.6,9,1920,Autumn,-1.42,0.32,0.89,0.44,10.770000000000001
1920-10,14.7,21.5,8.6,10,1920,Autumn,-1.42,0.32,0.89,0.44,7.569999999999999
1920-11,7.3,13.0,1.8,11,1920,Autumn,-1.42,0.32,0.89,0.44,3.87
1920-12,-1.2,3.2,-6.3,12,1920,Winter,-1.42,0.32,0.89,0.44,-1.31
1921-01,-2.7,1.8,-7.5,1,1921,Winter,-0.39,-0.88,-0.22,-1.31,-1.5450000000000002
1921-02,-1.3,3.9,-6.2,2,1921,Winter,-0.39,-0.88,-0.22,-1.31,-0.845
1921-03,3.3,8.7,-1.5,3,1921,Spring,-0.39,-0.88,-0.22,-1.31,1.21
1921-04,10.9,17.5,5.3,4,1921,Spring,-0.39,-0.88,-0.22,-1.31,5.01
1921-05,16.2,22.6,10.8,5,1921,Spring,-0.39,-0.88,-0.22,-1.31,7.659999999999999
1921-06,20.1,25.9,15.1,6,1921,Summer,-0.39,-0.88,-0.22,-1.31,9.940000000000001
1921-07,24.0,28.6,20.6,7,1921,Summer,-0.39,-0.88,-0.22,-1.31,11.89
1921-08,25.6,30.8,21.8,8,1921,Summer,-0.39,-0.88,-0.22,-1.31,12.690000000000001
1921-09,19.8,25.4,15.2,9,1921,Autumn,-0.39,-0.88,-0.22,-1.31,9.245000000000001
1921-10,12.3,18.6,6.8,10,1921,Autumn,-0.39,-0.88,-0.22,-1.31,5.495
1921-11,3.4,8.8,-1.5,11,1921,Autumn,-0.39,-0.88,-0.22,-1.31,1.045
1921-12,-0.7,4.2,-5.4,12,1921,Winter,-0.39,-0.88,-0.22,-1.31,-0.5449999999999999
1922-01,-7.8,-3.1,-13.1,1,1922,Winter,-1.08,0.27,0.45,-1.23,-4.4399999999999995
1922-02,0.7,6.0,-4.4,2,1922,Winter,-1.08,0.27,0.45,-1.23,-0.19000000000000006
1922-03,2.7,8.5,-2.4,3,1922,Spring,-1.08,0.27,0.45,-1.23,1.485
1922-04,12.3,19.5,5.9,4,1922,Spring,-1.08,0.27,0.45,-1.23,6.285
1922-05,16.0,22.3,10.7,5,1922,Spring,-1.08,0.27,0.45,-1.23,8.135
1922-06,21.7,28.4,16.3,6,1922,Summer,-1.08,0.27,0.45,-1.23,11.075
1922-07,24.1,28.1,21.0,7,1922,Summer,-1.08,0.27,0.45,-1.23,12.275
1922-08,25.8,30.3,22.6,8,1922,Summer,-1.08,0.27,0.45,-1.23,13.125
1922-09,20.7,26.1,16.3,9,1922,Autumn,-1.08,0.27,0.45,-1.23,9.735
1922-10,14.1,20.1,8.5,10,1922,Autumn,-1.08,0.27,0.45,-1.23,6.435
1922-11,3.5,8.9,-1.5,11,1922,Autumn,-1.08,0.27,0.45,-1.23,1.135
1922-12,-3.9,0.8,-9.2,12,1922,Winter,-1.08,0.27,0.45,-1.23,-2.49
1923-01,-5.8,-1.7,-10.8,1,1923,Winter,-1.95,-0.98,-0.32,-1.12,-3.875
1923-02,-3.0,1.3,-7.8,2,1923,Winter,-1.95,-0.98,-0.32,-1.12,-2.475
1923-03,4.8,9.9,-0.4,3,1923,Spring,-1.95,-0.98,-0.32,-1.12,1.91
1923-04,9.3,15.1,4.1,4,1923,Spring,-1.95,-0.98,-0.32,-1.12,4.16
1923-05,16.6,22.9,11.4,5,1923,Spring,-1.95,-0.98,-0.32,-1.12,7.8100000000000005
1923-06,20.9,27.5,15.3,6,1923,Summer,-1.95,-0.98,-0.32,-1.12,10.29
1923-07,24.2,28.6,20.5,7,1923,Summer,-1.95,-0.98,-0.32,-1.12,11.94
1923-08,26.1,30.9,22.6,8,1923,Summer,-1.95,-0.98,-0.32,-1.12,12.89
1923-09,19.4,25.0,14.6,9,1923,Autumn,-1.95,-0.98,-0.32,-1.12,9.139999999999999
1923-10,12.5,18.5,6.8,10,1923,Autumn,-1.95,-0.98,-0.32,-1.12,5.6899999999999995
1923-11,4.7,10.1,-0.4,11,1923,Autumn,-1.95,-0.98,-0.32,-1.12,1.79
1923-12,-2.1,2.4,-7.0,12,1923,Winter,-1.95,-0.98,-0.32,-1.12,-2.025
1924-01,-2.5,2.8,-8.0,1,1924,Winter,-1.9,-0.27,-0.85,-1.2,-2.2
1924-02,-1.8,2.8,-6.4,2,1924,Winter,-1.9,-0.27,-0.85,-1.2,-1.85
1924-03,1.1,6.5,-4.1,3,1924,Spring,-1.9,-0.27,-0.85,-1.2,0.41500000000000004
1924-04,11.1,17.8,5.3,4,1924,Spring,-1.9,-0.27,-0.85,-1.2,5.415
1924-05,16.0,22.4,10.3,5,1924,Spring,-1.9,-0.27,-0.85,-1.2,7.865
1924-06,21.2,27.9,15.5,6,1924,Summer,-1.9,-0.27,-0.85,-1.2,10.174999999999999
1924-07,25.6,29.9,22.2,7,1924,Summer,-1.9,-0.27,-0.85,-1.2,12.375
1924-08,27.0,32.8,22.4,8,1924,Summer,-1.9,-0.27,-0.85,-1.2,13.075
1924-09,20.3,26.4,15.2,9,1924,Autumn,-1.9,-0.27,-0.85,-1.2,9.55
1924-10,12.6,19.2,6.1,10,1924,Autumn,-1.9,-0.27,-0.85,-1.2,5.7
1924-11,3.3,8.5,-2.0,11,1924,Autumn,-1.9,-0.27,-0.85,-1.2,1.0499999999999998
1924-12,-1.6,2.7,-6.6,12,1924,Winter,-1.9,-0.27,-0.85,-1.2,-1.75
1925-01,-4.1,0.7,-9.3,1,1925,Winter,-1.52,-1.65,-1.02,-0.89,-2.8099999999999996
1925-02,-2.9,2.0,-8.2,2,1925,Winter,-1.52,-1.65,-1.02,-0.89,-2.21
1925-03,1.5,6.5,-3.3,3,1925,Spring,-1.52,-1.65,-1.02,-0.89,-0.07499999999999996
1925-04,9.8,16.6,3.8,4,1925,Spring,-1.52,-1.65,-1.02,-0.89,4.075
1925-05,16.1,21.9,11.2,5,1925,Spring,-1.52,-1.65,-1.02,-0.89,7.2250000000000005
1925-06,20.6,26.3,15.7,6,1925,Summer,-1.52,-1.65,-1.02,-0.89,9.790000000000001
1925-07,23.3,27.7,19.5,7,1925,Summer,-1.52,-1.65,-1.02,-0.89,11.14
1925-08,25.2,30.1,21.5,8,1925,Summer,-1.52,-1.65,-1.02,-0.89,12.09
1925-09,19.8,25.1,15.0,9,1925,Autumn,-1.52,-1.65,-1.02,-0.89,9.455
1925-10,13.3,19.7,7.2,10,1925,Autumn,-1.52,-1.65,-1.02,-0.89,6.205
1925-11,7.4,12.4,2.4,11,1925,Autumn,-1.52,-1.65,-1.02,-0.89,3.2550000000000003
1925-12,-1.4,2.3,-6.1,12,1925,Winter,-1.52,-1.65,-1.02,-0.89,-1.46
1926-01,-4.8,-0.8,-9.6,1,1926,Winter,-2.1,-1.4,-0.59,-1.68,-3.45
1926-02,-2.5,2.2,-7.6,2,1926,Winter,-2.1,-1.4,-0.59,-1.68,-2.3
1926-03,3.1,9.0,-2.4,3,1926,Spring,-2.1,-1.4,-0.59,-1.68,0.8500000000000001
1926-04,9.1,15.4,3.2,4,1926,Spring,-2.1,-1.4,-0.59,-1.68,3.8499999999999996
1926-05,16.7,22.0,12.0,5,1926,Spring,-2.1,-1.4,-0.59,-1.68,7.6499999999999995
1926-06,20.7,27.2,15.2,6,1926,Summer,-2.1,-1.4,-0.59,-1.68,10.055
1926-07,24.1,28.4,20.3,7,1926,Summer,-2.1,-1.4,-0.59,-1.68,11.755
1926-08,25.4,29.4,22.0,8,1926,Summer,-2.1,-1.4,-0.59,-1.68,12.405
1926-09,20.3,25.3,15.9,9,1926,Autumn,-2.1,-1.4,-0.59,-1.68,9.31
1926-10,11.5,17.1,6.0,10,1926,Autumn,-2.1,-1.4,-0.59,-1.68,4.91
1926-11,6.3,12.0,0.7,11,1926,Autumn,-2.1,-1.4,-0.59,-1.68,2.31
1926-12,-4.0,0.3,-8.6,12,1926,Winter,-2.1,-1.4,-0.59,-1.68,-3.05
1927-01,-4.1,0.1,-9.1,1,1927,Winter,-2.45,-1.27,0.07,-1.01,-3.275
1927-02,-2.9,1.6,-7.6,2,1927,Winter,-2.45,-1.27,0.07,-1.01,-2.675
1927-03,3.4,8.6,-1.7,3,1927,Spring,-2.45,-1.27,0.07,-1.01,1.065
1927-04,11.7,17.8,5.9,4,1927,Spring,-2.45,-1.27,0.07,-1.01,5.215
1927-05,13.8,19.3,8.9,5,1927,Spring,-2.45,-1.27,0.07,-1.01,6.265000000000001
1927-06,21.2,27.7,15.7,6,1927,Summer,-2.45,-1.27,0.07,-1.01,10.635
1927-07,25.7,30.0,22.3,7,1927,Summer,-2.45,-1.27,0.07,-1.01,12.885
1927-08,25.0,29.9,21.4,8,1927,Summer,-2.45,-1.27,0.07,-1.01,12.535
1927-09,19.6,25.9,13.8,9,1927,Autumn,-2.45,-1.27,0.07,-1.01,9.295
1927-10,12.8,18.7,7.1,10,1927,Autumn,-2.45,-1.27,0.07,-1.01,5.8950000000000005
1927-11,7.7,13.7,1.5,11,1927,Autumn,-2.45,-1.27,0.07,-1.01,3.345
1927-12,-2.0,2.0,-7.2,12,1927,Winter,-2.45,-1.27,0.07,-1.01,-2.225
1928-01,-5.2,-1.0,-10.1,1,1928,Winter,-2.13,-0.42,0.38,-1.41,-3.665
1928-02,-2.3,2.0,-7.3,2,1928,Winter,-2.13,-0.42,0.38,-1.41,-2.215
1928-03,4.1,9.1,-1.0,3,1928,Spring,-2.13,-0.42,0.38,-1.41,1.8399999999999999
1928-04,12.1,18.7,5.8,4,1928,Spring,-2.13,-0.42,0.38,-1.41,5.84
1928-05,16.5,23.2,10.9,5,1928,Spring,-2.13,-0.42,0.38,-1.41,8.04
1928-06,21.5,27.8,16.1,6,1928,Summer,-2.13,-0.42,0.38,-1.41,10.94
1928-07,25.0,29.8,21.0,7,1928,Summer,-2.13,-0.42,0.38,-1.41,12.69
1928-08,25.7,31.7,20.7,8,1928,Summer,-2.13,-0.42,0.38,-1.41,13.04
1928-09,20.3,25.5,15.7,9,1928,Autumn,-2.13,-0.42,0.38,-1.41,9.445
1928-10,12.3,19.5,6.0,10,1928,Autumn,-2.13,-0.42,0.38,-1.41,5.445
1928-11,5.2,10.8,-0.5,11,1928,Autumn,-2.13,-0.42,0.38,-1.41,1.895
1928-12,-1.9,2.6,-7.0,12,1928,Winter,-2.13,-0.42,0.38,-1.41,-2.0149999999999997
1929-01,-4.8,-0.2,-9.8,1,1929,Winter,-1.85,-0.44,0.3,-1.0,-3.325
1929-02,-2.8,2.8,-8.2,2,1929,Winter,-1.85,-0.44,0.3,-1.0,-2.325
1929-03,4.4,10.5,-1.0,3,1929,Spring,-1.85,-0.44,0.3,-1.0,1.9800000000000002
1929-04,10.4,17.0,4.5,4,1929,Spring,-1.85,-0.44,0.3,-1.0,4.98
1929-05,16.7,23.5,11.2,5,1929,Spring,-1.85,-0.44,0.3,-1.0,8.129999999999999
1929-06,22.9,29.8,17.0,6,1929,Summer,-1.85,-0.44,0.3,-1.0,11.6
1929-07,25.9,30.8,22.3,7,1929,Summer,-1.85,-0.44,0.3,-1.0,13.1
1929-08,26.2,31.8,21.8,8,1929,Summer,-1.85,-0.44,0.3,-1.0,13.25
1929-09,18.8,25.7,13.0,9,1929,Autumn,-1.85,-0.44,0.3,-1.0,8.9
1929-10,12.8,20.2,6.4,10,1929,Autumn,-1.85,-0.44,0.3,-1.0,5.9
1929-11,4.9,10.9,-0.6,11,1929,Autumn,-1.85,-0.44,0.3,-1.0,1.9500000000000002
1929-12,1.5,5.2,-2.6,12,1929,Winter,-1.85,-0.44,0.3,-1.0,-0.17500000000000004
1930-01,-4.5,0.5,-9.7,1,1930,Winter,-1.44,-0.24,0.59,-1.21,-2.9699999999999998
1930-02,0.9,6.5,-4.4,2,1930,Winter,-1.44,-0.24,0.59,-1.21,-0.26999999999999996
1930-03,6.3,11.7,1.0,3,1930,Spring,-1.44,-0.24,0.59,-1.21,3.03
1930-04,12.5,18.9,6.9,4,1930,Spring,-1.44,-0.24,0.59,-1.21,6.13
1930-05,16.7,23.4,10.8,5,1930,Spring,-1.44,-0.24,0.59,-1.21,8.23
1930-06,21.4,28.1,15.8,6,1930,Summer,-1.44,-0.24,0.59,-1.21,10.995
1930-07,25.5,29.6,22.2,7,1930,Summer,-1.44,-0.24,0.59,-1.21,13.045
1930-08,26.4,32.2,22.1,8,1930,Summer,-1.44,-0.24,0.59,-1.21,13.495
1930-09,19.5,25.7,14.1,9,1930,Autumn,-1.44,-0.24,0.59,-1.21,9.145
1930-10,14.0,20.9,8.0,10,1930,Autumn,-1.44,-0.24,0.59,-1.21,6.395
1930-11,3.1,7.6,-1.5,11,1930,Autumn,-1.44,-0.24,0.59,-1.21,0.9450000000000001
1930-12,-0.8,3.7,-5.8,12,1930,Winter,-1.44,-0.24,0.59,-1.21,-1.12
1931-01,-3.9,0.3,-8.9,1,1931,Winter,-1.5,-1.58,-1.13,-0.85,-2.7
1931-02,-2.7,2.1,-7.7,2,1931,Winter,-1.5,-1.58,-1.13,-0.85,-2.1
1931-03,4.7,11.0,-0.9,3,1931,Spring,-1.5,-1.58,-1.13,-0.85,1.56
1931-04,8.8,14.9,4.0,4,1931,Spring,-1.5,-1.58,-1.13,-0.85,3.6100000000000003
1931-05,16.3,23.6,10.9,5,1931,Spring,-1.5,-1.58,-1.13,-0.85,7.36
1931-06,21.4,27.9,17.1,6,1931,Summer,-1.5,-1.58,-1.13,-0.85,10.135
1931-07,22.4,27.4,19.2,7,1931,Summer,-1.5,-1.58,-1.13,-0.85,10.635
1931-08,25.0,29.5,22.3,8,1931,Summer,-1.5,-1.58,-1.13,-0.85,11.935
1931-09,20.0,26.3,15.4,9,1931,Autumn,-1.5,-1.58,-1.13,-0.85,9.575
1931-10,11.9,19.7,5.8,10,1931,Autumn,-1.5,-1.58,-1.13,-0.85,5.525
1931-11,7.7,13.6,3.2,11,1931,Autumn,-1.5,-1.58,-1.13,-0.85,3.4250000000000003
1931-12,-1.0,3.5,-5.0,12,1931,Winter,-1.5,-1.58,-1.13,-0.85,-1.25
1932-01,-0.6,5.1,-5.2,1,1932,Winter,-1.51,-1.63,-0.1,-0.99,-1.055
1932-02,-1.4,3.1,-4.9,2,1932,Winter,-1.51,-1.63,-0.1,-0.99,-1.455
1932-03,2.8,8.7,-2.0,3,1932,Spring,-1.51,-1.63,-0.1,-0.99,0.585
1932-04,9.9,16.1,5.0,4,1932,Spring,-1.51,-1.63,-0.1,-0.99,4.135
1932-05,17.0,24.3,11.6,5,1932,Spring,-1.51,-1.63,-0.1,-0.99,7.6850000000000005
1932-06,21.7,27.6,17.4,6,1932,Summer,-1.51,-1.63,-0.1,-0.99,10.799999999999999
1932-07,25.9,31.3,22.7,7,1932,Summer,-1.51,-1.63,-0.1,-0.99,12.899999999999999
1932-08,25.6,30.7,22.2,8,1932,Summer,-1.51,-1.63,-0.1,-0.99,12.75
1932-09,20.2,26.5,15.8,9,1932,Autumn,-1.51,-1.63,-0.1,-0.99,9.605
1932-10,12.2,19.4,6.9,10,1932,Autumn,-1.51,-1.63,-0.1,-0.99,5.6049999999999995
1932-11,5.8,12.3,0.5,11,1932,Autumn,-1.51,-1.63,-0.1,-0.99,2.405
1932-12,0.6,5.0,-3.4,12,1932,Winter,-1.51,-1.63,-0.1,-0.99,-0.455
1933-01,-6.4,-2.4,-11.5,1,1933,Winter,-2.47,-1.45,-0.55,-1.08,-4.4350000000000005
1933-02,-3.7,0.7,-8.4,2,1933,Winter,-2.47,-1.45,-0.55,-1.08,-3.085
1933-03,0.6,5.1,-3.2,3,1933,Spring,-2.47,-1.45,-0.55,-1.08,-0.425
1933-04,10.2,16.5,5.4,4,1933,Spring,-2.47,-1.45,-0.55,-1.08,4.375
1933-05,16.3,22.3,11.9,5,1933,Spring,-2.47,-1.45,-0.55,-1.08,7.425000000000001
1933-06,20.7,26.2,16.7,6,1933,Summer,-2.47,-1.45,-0.55,-1.08,10.075
1933-07,25.5,30.3,22.4,7,1933,Summer,-2.47,-1.45,-0.55,-1.08,12.475
1933-08,24.1,28.3,21.3,8,1933,Summer,-2.47,-1.45,-0.55,-1.08,11.775
1933-09,20.1,25.5,15.9,9,1933,Autumn,-2.47,-1.45,-0.55,-1.08,9.510000000000002
1933-10,13.0,18.5,8.4,10,1933,Autumn,-2.47,-1.45,-0.55,-1.08,5.96
1933-11,5.5,10.7,1.0,11,1933,Autumn,-2.47,-1.45,-0.55,-1.08,2.21
1933-12,0.4,4.2,-3.3,12,1933,Winter,-2.47,-1.45,-0.55,-1.08,-1.0350000000000001
1934-01,-8.3,-3.6,-12.8,1,1934,Winter,-2.88,-1.85,-1.2,-1.79,-5.59
1934-02,-2.3,2.1,-6.7,2,1934,Winter,-2.88,-1.85,-1.2,-1.79,-2.59
1934-03,2.0,6.9,-2.5,3,1934,Spring,-2.88,-1.85,-1.2,-1.79,0.07499999999999996
1934-04,9.1,15.3,4.0,4,1934,Spring,-2.88,-1.85,-1.2,-1.79,3.625
1934-05,16.9,23.3,11.8,5,1934,Spring,-2.88,-1.85,-1.2,-1.79,7.5249999999999995
1934-06,20.2,25.2,16.3,6,1934,Summer,-2.88,-1.85,-1.2,-1.79,9.5
1934-07,23.8,27.2,21.0,7,1934,Summer,-2.88,-1.85,-1.2,-1.79,11.3
1934-08,24.1,28.0,21.2,8,1934,Summer,-2.88,-1.85,-1.2,-1.79,11.450000000000001
1934-09,19.3,24.6,15.4,9,1934,Autumn,-2.88,-1.85,-1.2,-1.79,8.755
1934-10,11.7,18.0,6.1,10,1934,Autumn,-2.88,-1.85,-1.2,-1.79,4.955
1934-11,4.3,9.3,-0.3,11,1934,Autumn,-2.88,-1.85,-1.2,-1.79,1.255
1934-12,0.8,5.2,-3.4,12,1934,Winter,-2.88,-1.85,-1.2,-1.79,-1.04
1935-01,-3.2,1.0,-7.2,1,1935,Winter,-0.99,-0.77,0.36,-0.99,-2.095
1935-02,-0.2,5.5,-5.5,2,1935,Winter,-0.99,-0.77,0.36,-0.99,-0.595
1935-03,5.1,10.4,0.3,3,1935,Spring,-0.99,-0.77,0.36,-0.99,2.165
1935-04,10.3,16.8,4.7,4,1935,Spring,-0.99,-0.77,0.36,-0.99,4.765000000000001
1935-05,16.0,22.2,10.9,5,1935,Spring,-0.99,-0.77,0.36,-0.99,7.615
1935-06,20.1,25.7,16.0,6,1935,Summer,-0.99,-0.77,0.36,-0.99,10.23
1935-07,23.8,28.5,20.4,7,1935,Summer,-0.99,-0.77,0.36,-0.99,12.08
1935-08,25.0,30.1,21.3,8,1935,Summer,-0.99,-0.77,0.36,-0.99,12.68
1935-09,20.3,27.0,15.0,9,1935,Autumn,-0.99,-0.77,0.36,-0.99,9.655000000000001
1935-10,14.6,20.6,9.4,10,1935,Autumn,-0.99,-0.77,0.36,-0.99,6.805
1935-11,6.6,11.6,2.1,11,1935,Autumn,-0.99,-0.77,0.36,-0.99,2.8049999999999997
1935-12,-3.9,0.7,-8.4,12,1935,Winter,-0.99,-0.77,0.36,-0.99,-2.445
1936-01,-8.8,-4.0,-13.6,1,1936,Winter,-3.56,-1.97,-1.89,-1.62,-6.180000000000001
1936-02,-4.4,0.1,-8.8,2,1936,Winter,-3.56,-1.97,-1.89,-1.62,-3.9800000000000004
1936-03,-0.2,5.0,-4.6,3,1936,Spring,-3.56,-1.97,-1.89,-1.62,-1.085
1936-04,9.1,15.2,4.0,4,1936,Spring,-3.56,-1.97,-1.89,-1.62,3.565
1936-05,15.8,22.5,10.5,5,1936,Spring,-3.56,-1.97,-1.89,-1.62,6.915
1936-06,20.7,26.5,16.4,6,1936,Summer,-3.56,-1.97,-1.89,-1.62,9.405
1936-07,23.6,28.4,20.2,7,1936,Summer,-3.56,-1.97,-1.89,-1.62,10.855
1936-08,22.7,26.9,19.7,8,1936,Summer,-3.56,-1.97,-1.89,-1.62,10.405
1936-09,20.1,25.3,16.3,9,1936,Autumn,-3.56,-1.97,-1.89,-1.62,9.24
1936-10,13.2,20.1,7.4,10,1936,Autumn,-3.56,-1.97,-1.89,-1.62,5.789999999999999
1936-11,5.7,11.0,0.5,11,1936,Autumn,-3.56,-1.97,-1.89,-1.62,2.04
1936-12,-0.5,3.6,-4.7,12,1936,Winter,-3.56,-1.97,-1.89,-1.62,-2.0300000000000002
1937-01,-3.6,0.7,-7.5,1,1937,Winter,-1.63,-0.92,0.14,-0.71,-2.615
1937-02,0.1,4.4,-3.9,2,1937,Winter,-1.63,-0.92,0.14,-0.71,-0.7649999999999999
1937-03,3.6,8.7,-1.1,3,1937,Spring,-1.63,-0.92,0.14,-0.71,1.34
1937-04,10.6,16.6,5.7,4,1937,Spring,-1.63,-0.92,0.14,-0.71,4.84
1937-05,15.8,22.2,10.8,5,1937,Spring,-1.63,-0.92,0.14,-0.71,7.44
1937-06,21.6,28.0,16.5,6,1937,Summer,-1.63,-0.92,0.14,-0.71,10.870000000000001
1937-07,24.6,29.8,20.8,7,1937,Summer,-1.63,-0.92,0.14,-0.71,12.370000000000001
1937-08,26.7,32.0,23.0,8,1937,Summer,-1.63,-0.92,0.14,-0.71,13.42
1937-09,20.3,26.4,15.6,9,1937,Autumn,-1.63,-0.92,0.14,-0.71,9.795
1937-10,13.8,20.1,8.5,10,1937,Autumn,-1.63,-0.92,0.14,-0.71,6.545
1937-11,7.2,12.2,2.5,11,1937,Autumn,-1.63,-0.92,0.14,-0.71,3.245
1937-12,-3.9,0.7,-8.4,12,1937,Winter,-1.63,-0.92,0.14,-0.71,-2.7649999999999997
1938-01,-6.3,-1.5,-11.3,1,1938,Winter,-2.35,-1.07,-0.06,-0.94,-4.325
1938-02,-3.3,1.4,-8.0,2,1938,Winter,-2.35,-1.07,-0.06,-0.94,-2.825
1938-03,4.7,9.4,0.5,3,1938,Spring,-2.35,-1.07,-0.06,-0.94,1.815
1938-04,11.4,17.6,6.1,4,1938,Spring,-2.35,-1.07,-0.06,-0.94,5.165
1938-05,16.5,21.9,12.2,5,1938,Spring,-2.35,-1.07,-0.06,-0.94,7.715
1938-06,20.0,25.4,15.9,6,1938,Summer,-2.35,-1.07,-0.06,-0.94,9.97
1938-07,25.2,30.3,21.6,7,1938,Summer,-2.35,-1.07,-0.06,-0.94,12.57
1938-08,26.3,31.9,22.3,8,1938,Summer,-2.35,-1.07,-0.06,-0.94,13.120000000000001
1938-09,19.3,25.8,14.1,9,1938,Autumn,-2.35,-1.07,-0.06,-0.94,9.18
1938-10,15.0,20.9,10.0,10,1938,Autumn,-2.35,-1.07,-0.06,-0.94,7.03
1938-11,4.8,10.4,-0.5,11,1938,Autumn,-2.35,-1.07,-0.06,-0.94,1.93
1938-12,-2.3,1.7,-6.4,12,1938,Winter,-2.35,-1.07,-0.06,-0.94,-2.325
1939-01,-5.2,-0.8,-10.0,1,1939,Winter,-1.8,-1.05,0.19,-0.57,-3.5
1939-02,-2.0,3.4,-6.7,2,1939,Winter,-1.8,-1.05,0.19,-0.57,-1.9
1939-03,4.1,9.1,-0.5,3,1939,Spring,-1.8,-1.05,0.19,-0.57,1.525
1939-04,11.6,18.6,5.9,4,1939,Spring,-1.8,-1.05,0.19,-0.57,5.2749999999999995
1939-05,15.7,22.0,10.3,5,1939,Spring,-1.8,-1.05,0.19,-0.57,7.324999999999999
1939-06,20.8,27.2,16.2,6,1939,Summer,-1.8,-1.05,0.19,-0.57,10.495000000000001
1939-07,27.6,33.7,23.2,7,1939,Summer,-1.8,-1.05,0.19,-0.57,13.895000000000001
1939-08,27.5,34.4,22.6,8,1939,Summer,-1.8,-1.05,0.19,-0.57,13.845
1939-09,21.0,27.8,16.1,9,1939,Autumn,-1.8,-1.05,0.19,-0.57,10.215
1939-10,14.3,21.2,8.3,10,1939,Autumn,-1.8,-1.05,0.19,-0.57,6.865
1939-11,5.9,11.1,0.8,11,1939,Autumn,-1.8,-1.05,0.19,-0.57,2.665
1939-12,-0.9,3.7,-5.6,12,1939,Winter,-1.8,-1.05,0.19,-0.57,-1.35
1940-01,-7.4,-3.2,-11.4,1,1940,Winter,-1.96,-1.08,-1.14,-0.52,-4.68
1940-02,-2.3,2.3,-6.9,2,1940,Winter,-1.96,-1.08,-1.14,-0.52,-2.13
1940-03,3.7,9.7,-1.4,3,1940,Spring,-1.96,-1.08,-1.14,-0.52,1.31
1940-04,9.7,15.8,4.8,4,1940,Spring,-1.96,-1.08,-1.14,-0.52,4.31
1940-05,16.3,23.2,10.8,5,1940,Spring,-1.96,-1.08,-1.14,-0.52,7.61
1940-06,20.1,26.6,15.1,6,1940,Summer,-1.96,-1.08,-1.14,-0.52,9.48
1940-07,23.4,27.0,20.3,7,1940,Summer,-1.96,-1.08,-1.14,-0.52,11.129999999999999
1940-08,24.3,29.1,20.7,8,1940,Summer,-1.96,-1.08,-1.14,-0.52,11.58
1940-09,19.9,26.2,14.9,9,1940,Autumn,-1.96,-1.08,-1.14,-0.52,9.69
1940-10,14.7,22.2,8.2,10,1940,Autumn,-1.96,-1.08,-1.14,-0.52,7.09
1940-11,6.8,12.1,1.9,11,1940,Autumn,-1.96,-1.08,-1.14,-0.52,3.1399999999999997
1940-12,-0.2,4.1,-4.8,12,1940,Winter,-1.96,-1.08,-1.14,-0.52,-1.08
1941-01,-3.8,1.2,-8.7,1,1941,Winter,-1.11,-0.73,-1.36,-0.66,-2.455
1941-02,-2.4,2.9,-7.4,2,1941,Winter,-1.11,-0.73,-1.36,-0.66,-1.755
1941-03,3.8,9.6,-1.2,3,1941,Spring,-1.11,-0.73,-1.36,-0.66,1.535
1941-04,10.0,16.3,4.6,4,1941,Spring,-1.11,-0.73,-1.36,-0.66,4.635
1941-05,16.7,23.0,11.1,5,1941,Spring,-1.11,-0.73,-1.36,-0.66,7.984999999999999
1941-06,21.2,26.9,16.8,6,1941,Summer,-1.11,-0.73,-1.36,-0.66,9.92
1941-07,23.7,29.4,19.4,7,1941,Summer,-1.11,-0.73,-1.36,-0.66,11.17
1941-08,23.8,28.7,20.3,8,1941,Summer,-1.11,-0.73,-1.36,-0.66,11.22
1941-09,19.7,26.4,14.4,9,1941,Autumn,-1.11,-0.73,-1.36,-0.66,9.52
1941-10,12.9,19.4,7.1,10,1941,Autumn,-1.11,-0.73,-1.36,-0.66,6.12
1941-11,7.7,12.9,2.5,11,1941,Autumn,-1.11,-0.73,-1.36,-0.66,3.52
1941-12,0.4,4.5,-3.9,12,1941,Winter,-1.11,-0.73,-1.36,-0.66,-0.35500000000000004
1942-01,-6.4,-1.7,-11.5,1,1942,Winter,-2.14,-1.39,-0.28,-3.23,-4.2700000000000005
1942-02,-3.5,1.2,-8.3,2,1942,Winter,-2.14,-1.39,-0.28,-3.23,-2.8200000000000003
1942-03,5.9,11.5,0.9,3,1942,Spring,-2.14,-1.39,-0.28,-3.23,2.2550000000000003
1942-04,9.9,16.0,4.4,4,1942,Spring,-2.14,-1.39,-0.28,-3.23,4.255
1942-05,15.3,21.6,10.0,5,1942,Spring,-2.14,-1.39,-0.28,-3.23,6.955
1942-06,22.0,29.3,16.4,6,1942,Summer,-2.14,-1.39,-0.28,-3.23,10.86
1942-07,26.0,31.7,22.1,7,1942,Summer,-2.14,-1.39,-0.28,-3.23,12.86
1942-08,25.4,30.4,21.6,8,1942,Summer,-2.14,-1.39,-0.28,-3.23,12.559999999999999
1942-09,20.0,26.0,15.3,9,1942,Autumn,-2.14,-1.39,-0.28,-3.23,8.385
1942-10,12.5,19.0,6.8,10,1942,Autumn,-2.14,-1.39,-0.28,-3.23,4.635
1942-11,4.7,10.7,-0.9,11,1942,Autumn,-2.14,-1.39,-0.28,-3.23,0.7350000000000001
1942-12,-1.2,3.4,-6.1,12,1942,Winter,-2.14,-1.39,-0.28,-3.23,-1.67
1943-01,-6.6,-1.0,-12.1,1,1943,Winter,-4.27,-1.5,-1.43,-2.56,-5.435
1943-02,-2.4,3.2,-8.4,2,1943,Winter,-4.27,-1.5,-1.43,-2.56,-3.335
1943-03,5.4,11.3,0.4,3,1943,Spring,-4.27,-1.5,-1.43,-2.56,1.9500000000000002
1943-04,10.6,17.2,5.1,4,1943,Spring,-4.27,-1.5,-1.43,-2.56,4.55
1943-05,16.7,23.4,11.4,5,1943,Spring,-4.27,-1.5,-1.43,-2.56,7.6
1943-06,21.5,28.4,16.1,6,1943,Summer,-4.27,-1.5,-1.43,-2.56,10.035
1943-07,26.0,32.3,21.4,7,1943,Summer,-4.27,-1.5,-1.43,-2.56,12.285
1943-08,27.8,34.6,23.1,8,1943,Summer,-4.27,-1.5,-1.43,-2.56,13.185
1943-09,20.9,27.0,16.1,9,1943,Autumn,-4.27,-1.5,-1.43,-2.56,9.17
1943-10,13.8,20.4,8.3,10,1943,Autumn,-4.27,-1.5,-1.43,-2.56,5.62
1943-11,6.1,11.8,0.5,11,1943,Autumn,-4.27,-1.5,-1.43,-2.56,1.7699999999999998
1943-12,0.0,4.9,-5.1,12,1943,Winter,-4.27,-1.5,-1.43,-2.56,-2.135
1944-01,-4.3,0.8,-9.7,1,1944,Winter,-5.36,-1.5,-1.43,-2.56,-4.83
1944-02,-2.4,2.7,-8.0,2,1944,Winter,-5.36,-1.5,-1.43,-2.56,-3.88
1944-03,3.2,8.9,-1.8,3,1944,Spring,-5.36,-1.5,-1.43,-2.56,0.8500000000000001
1944-04,9.6,16.1,4.1,4,1944,Spring,-5.36,-1.5,-1.43,-2.56,4.05
1944-05,15.9,22.4,10.8,5,1944,Spring,-5.36,-1.5,-1.43,-2.56,7.2
1944-06,21.4,27.8,16.7,6,1944,Summer,-5.36,-1.5,-1.43,-2.56,9.985
1944-07,25.3,30.0,21.9,7,1944,Summer,-5.36,-1.5,-1.43,-2.56,11.935
1944-08,25.5,31.3,21.4,8,1944,Summer,-5.36,-1.5,-1.43,-2.56,12.035
1944-09,20.7,26.5,16.4,9,1944,Autumn,-5.36,-1.5,-1.43,-2.56,9.07
1944-10,13.5,20.6,7.5,10,1944,Autumn,-5.36,-1.5,-1.43,-2.56,5.47
1944-11,7.8,13.0,3.1,11,1944,Autumn,-5.36,-1.5,-1.43,-2.56,2.62
1944-12,-5.7,-0.9,-10.4,12,1944,Winter,-5.36,-1.5,-1.43,-2.56,-5.53
1945-01,-7.8,-2.9,-12.9,1,1945,Winter,-0.6,-1.59,1.15,1.21,-4.2
1945-02,-4.9,0.5,-9.9,2,1945,Winter,-0.6,-1.59,1.15,1.21,-2.75
1945-03,2.3,6.6,-1.6,3,1945,Spring,-0.6,-1.59,1.15,1.21,0.35499999999999987
1945-04,11.0,17.8,5.4,4,1945,Spring,-0.6,-1.59,1.15,1.21,4.705
1945-05,13.6,19.7,9.0,5,1945,Spring,-0.6,-1.59,1.15,1.21,6.005
1945-06,20.1,25.9,15.7,6,1945,Summer,-0.6,-1.59,1.15,1.21,10.625
1945-07,23.2,28.2,19.8,7,1945,Summer,-0.6,-1.59,1.15,1.21,12.174999999999999
1945-08,25.5,31.1,22.0,8,1945,Summer,-0.6,-1.59,1.15,1.21,13.325
1945-09,21.3,27.0,17.0,9,1945,Autumn,-0.6,-1.59,1.15,1.21,11.255
1945-10,13.5,20.6,7.7,10,1945,Autumn,-0.6,-1.59,1.15,1.21,7.355
1945-11,8.4,14.4,2.5,11,1945,Autumn,-0.6,-1.59,1.15,1.21,4.805
1945-12,-1.7,3.4,-6.4,12,1945,Winter,-0.6,-1.59,1.15,1.21,-1.15
1946-01,-3.2,1.8,-8.3,1,1946,Winter,-2.15,-1.59,1.15,1.6,-2.675
1946-02,-0.7,4.1,-5.3,2,1946,Winter,-2.15,-1.59,1.15,1.6,-1.4249999999999998
1946-03,2.5,7.6,-2.1,3,1946,Spring,-2.15,-1.59,1.15,1.6,0.45499999999999996
1946-04,10.9,17.2,5.5,4,1946,Spring,-2.15,-1.59,1.15,1.6,4.655
1946-05,16.0,22.7,10.7,5,1946,Spring,-2.15,-1.59,1.15,1.6,7.205
1946-06,20.9,25.8,17.3,6,1946,Summer,-2.15,-1.59,1.15,1.6,11.024999999999999
1946-07,25.6,30.8,22.3,7,1946,Summer,-2.15,-1.59,1.15,1.6,13.375
1946-08,25.7,31.0,22.1,8,1946,Summer,-2.15,-1.59,1.15,1.6,13.424999999999999
1946-09,19.9,26.4,14.7,9,1946,Autumn,-2.15,-1.59,1.15,1.6,10.75
1946-10,13.8,20.5,8.1,10,1946,Autumn,-2.15,-1.59,1.15,1.6,7.7
1946-11,8.8,14.9,3.4,11,1946,Autumn,-2.15,-1.59,1.15,1.6,5.2
1946-12,-4.3,-0.2,-9.2,12,1946,Winter,-2.15,-1.59,1.15,1.6,-3.2249999999999996
1947-01,-3.9,0.2,-8.4,1,1947,Winter,-2.15,-1.99,1.92,1.6,-3.025
1947-02,-5.3,-0.5,-10.0,2,1947,Winter,-2.15,-1.99,1.92,1.6,-3.7249999999999996
1947-03,1.5,6.3,-3.2,3,1947,Spring,-2.15,-1.99,1.92,1.6,-0.245
1947-04,10.5,16.6,5.1,4,1947,Spring,-2.15,-1.99,1.92,1.6,4.255
1947-05,15.9,22.8,10.5,5,1947,Spring,-2.15,-1.99,1.92,1.6,6.955
1947-06,18.7,24.4,14.4,6,1947,Summer,-2.15,-1.99,1.92,1.6,10.309999999999999
1947-07,22.9,27.0,19.6,7,1947,Summer,-2.15,-1.99,1.92,1.6,12.41
1947-08,25.1,30.0,21.7,8,1947,Summer,-2.15,-1.99,1.92,1.6,13.510000000000002
1947-09,19.6,25.2,15.2,9,1947,Autumn,-2.15,-1.99,1.92,1.6,10.600000000000001
1947-10,11.8,18.3,6.3,10,1947,Autumn,-2.15,-1.99,1.92,1.6,6.7
1947-11,3.5,8.7,-1.8,11,1947,Autumn,-2.15,-1.99,1.92,1.6,2.55
1947-12,-5.4,-1.5,-9.5,12,1947,Winter,-2.15,-1.99,1.92,1.6,-3.7750000000000004
1948-01,-4.5,0.1,-9.2,1,1948,Winter,-2.15,0.22,0.54,1.32,-3.325
1948-02,-1.4,3.5,-6.6,2,1948,Winter,-2.15,0.22,0.54,1.32,-1.775
1948-03,4.7,9.9,-0.1,3,1948,Spring,-2.15,0.22,0.54,1.32,2.46
1948-04,12.5,19.3,7.1,4,1948,Spring,-2.15,0.22,0.54,1.32,6.36
1948-05,16.0,22.7,10.5,5,1948,Spring,-2.15,0.22,0.54,1.32,8.11
1948-06,20.9,26.6,16.2,6,1948,Summer,-2.15,0.22,0.54,1.32,10.719999999999999
1948-07,24.3,28.9,20.7,7,1948,Summer,-2.15,0.22,0.54,1.32,12.42
1948-08,25.8,31.4,21.9,8,1948,Summer,-2.15,0.22,0.54,1.32,13.17
1948-09,20.2,26.4,15.2,9,1948,Autumn,-2.15,0.22,0.54,1.32,10.76
1948-10,13.3,20.2,7.5,10,1948,Autumn,-2.15,0.22,0.54,1.32,7.3100000000000005
1948-11,5.1,11.1,-0.4,11,1948,Autumn,-2.15,0.22,0.54,1.32,3.21
1948-12,3.8,7.7,-0.2,12,1948,Winter,-2.15,0.22,0.54,1.32,0.825
1949-01,-3.0,0.9,-6.5,1,1949,Winter,-0.33,0.22,0.54,1.32,-1.665
1949-02,1.3,6.2,-3.0,2,1949,Winter,-0.33,0.22,0.54,1.32,0.485
1949-03,3.4,8.8,-1.0,3,1949,Spring,-0.33,0.22,0.54,1.32,1.81
1949-04,9.9,16.0,5.0,4,1949,Spring,-0.33,0.22,0.54,1.32,5.0600000000000005
1949-05,16.4,22.5,11.9,5,1949,Spring,-0.33,0.22,0.54,1.32,8.309999999999999
1949-06,20.5,26.8,16.0,6,1949,Summer,-0.33,0.22,0.54,1.32,10.52
1949-07,24.8,30.4,21.0,7,1949,Summer,-0.33,0.22,0.54,1.32,12.67
1949-08,26.1,32.3,22.5,8,1949,Summer,-0.33,0.22,0.54,1.32,13.32
1949-09,20.8,26.5,16.9,9,1949,Autumn,-0.33,0.22,0.54,1.32,11.06
1949-10,13.9,20.2,9.0,10,1949,Autumn,-0.33,0.22,0.54,1.32,7.61
1949-11,7.0,12.6,2.1,11,1949,Autumn,-0.33,0.22,0.54,1.32,4.16
1949-12,-1.3,3.4,-5.7,12,1949,Winter,-0.33,0.22,0.54,1.32,-0.8150000000000001
1954-01,-1.5,2.5,-5.5,1,1954,Winter,-0.36,-0.44,-1.0,-0.29,-0.9299999999999999
1954-02,0.4,5.1,-4.3,2,1954,Winter,-0.36,-0.44,-1.0,-0.29,0.020000000000000018
1954-03,3.1,8.6,-1.6,3,1954,Spring,-0.36,-0.44,-1.0,-0.29,1.33
1954-04,11.8,18.4,6.7,4,1954,Spring,-0.36,-0.44,-1.0,-0.29,5.680000000000001
1954-05,16.6,23.1,11.7,5,1954,Spring,-0.36,-0.44,-1.0,-0.29,8.08
1954-06,19.6,24.6,15.7,6,1954,Summer,-0.36,-0.44,-1.0,-0.29,9.3
1954-07,21.9,26.2,18.9,7,1954,Summer,-0.36,-0.44,-1.0,-0.29,10.45
1954-08,25.7,30.3,22.7,8,1954,Summer,-0.36,-0.44,-1.0,-0.29,12.35
1954-09,20.3,25.3,16.5,9,1954,Autumn,-0.36,-0.44,-1.0,-0.29,10.005
1954-10,12.5,18.4,7.2,10,1954,Autumn,-0.36,-0.44,-1.0,-0.29,6.105
1954-11,9.5,14.8,4.5,11,1954,Autumn,-0.36,-0.44,-1.0,-0.29,4.605
1954-12,-2.7,1.5,-6.9,12,1954,Winter,-0.36,-0.44,-1.0,-0.29,-1.53
1955-01,-5.6,-1.0,-10.5,1,1955,Winter,-1.4,-0.74,0.39,-0.9,-3.5
1955-02,-0.1,5.2,-5.1,2,1955,Winter,-1.4,-0.74,0.39,-0.9,-0.75
1955-03,4.4,9.5,-0.2,3,1955,Spring,-1.4,-0.74,0.39,-0.9,1.83
1955-04,11.1,16.3,6.5,4,1955,Spring,-1.4,-0.74,0.39,-0.9,5.18
1955-05,15.9,22.4,11.1,5,1955,Spring,-1.4,-0.74,0.39,-0.9,7.58
1955-06,21.4,27.3,17.2,6,1955,Summer,-1.4,-0.74,0.39,-0.9,10.895
1955-07,24.5,28.4,21.8,7,1955,Summer,-1.4,-0.74,0.39,-0.9,12.445
1955-08,26.2,31.9,22.0,8,1955,Summer,-1.4,-0.74,0.39,-0.9,13.295
1955-09,20.7,26.2,16.3,9,1955,Autumn,-1.4,-0.74,0.39,-0.9,9.9
1955-10,12.6,18.4,7.6,10,1955,Autumn,-1.4,-0.74,0.39,-0.9,5.85
1955-11,5.9,10.7,1.2,11,1955,Autumn,-1.4,-0.74,0.39,-0.9,2.5
1955-12,0.6,4.9,-3.3,12,1955,Winter,-1.4,-0.74,0.39,-0.9,-0.39999999999999997
1956-01,-3.9,0.4,-8.5,1,1956,Winter,-0.98,-1.59,-1.2,-1.48,-2.44
1956-02,-3.4,1.4,-7.9,2,1956,Winter,-0.98,-1.59,-1.2,-1.48,-2.19
1956-03,3.7,8.0,-0.3,3,1956,Spring,-0.98,-1.59,-1.2,-1.48,1.0550000000000002
1956-04,9.5,14.6,5.3,4,1956,Spring,-0.98,-1.59,-1.2,-1.48,3.955
1956-05,15.1,21.5,10.4,5,1956,Spring,-0.98,-1.59,-1.2,-1.48,6.755
1956-06,19.7,24.6,16.0,6,1956,Summer,-0.98,-1.59,-1.2,-1.48,9.25
1956-07,24.3,28.1,21.5,7,1956,Summer,-0.98,-1.59,-1.2,-1.48,11.55
1956-08,24.8,29.8,21.1,8,1956,Summer,-0.98,-1.59,-1.2,-1.48,11.8
1956-09,20.4,25.5,16.1,9,1956,Autumn,-0.98,-1.59,-1.2,-1.48,9.459999999999999
1956-10,12.8,19.2,7.2,10,1956,Autumn,-0.98,-1.59,-1.2,-1.48,5.66
1956-11,3.2,8.4,-1.6,11,1956,Autumn,-0.98,-1.59,-1.2,-1.48,0.8600000000000001
1956-12,-5.2,-1.1,-9.6,12,1956,Winter,-0.98,-1.59,-1.2,-1.48,-3.09
1957-01,-3.5,0.5,-7.6,1,1957,Winter,-1.16,-1.53,-1.61,-0.77,-2.33
1957-02,-4.3,-0.2,-8.5,2,1957,Winter,-1.16,-1.53,-1.61,-0.77,-2.73
1957-03,0.0,4.7,-3.8,3,1957,Spring,-1.16,-1.53,-1.61,-0.77,-0.765
1957-04,10.4,16.6,5.4,4,1957,Spring,-1.16,-1.53,-1.61,-0.77,4.4350000000000005
1957-05,16.9,23.6,11.8,5,1957,Spring,-1.16,-1.53,-1.61,-0.77,7.685
1957-06,20.1,26.0,16.0,6,1957,Summer,-1.16,-1.53,-1.61,-0.77,9.245000000000001
1957-07,22.4,26.3,19.9,7,1957,Summer,-1.16,-1.53,-1.61,-0.77,10.395
1957-08,24.1,28.9,20.8,8,1957,Summer,-1.16,-1.53,-1.61,-0.77,11.245000000000001
1957-09,18.9,25.7,13.4,9,1957,Autumn,-1.16,-1.53,-1.61,-0.77,9.065
1957-10,12.5,18.6,7.2,10,1957,Autumn,-1.16,-1.53,-1.61,-0.77,5.865
1957-11,8.3,13.7,3.3,11,1957,Autumn,-1.16,-1.53,-1.61,-0.77,3.7650000000000006
1957-12,-0.5,3.4,-4.2,12,1957,Winter,-1.16,-1.53,-1.61,-0.77,-0.83
1958-01,-6.0,-1.9,-10.6,1,1958,Winter,-0.18,-0.88,0.32,-0.41,-3.09
1958-02,-0.8,3.6,-4.7,2,1958,Winter,-0.18,-0.88,0.32,-0.41,-0.49
1958-03,3.7,9.1,-1.0,3,1958,Spring,-0.18,-0.88,0.32,-0.41,1.4100000000000001
1958-04,10.8,16.2,6.2,4,1958,Spring,-0.18,-0.88,0.32,-0.41,4.96
1958-05,16.3,22.9,11.2,5,1958,Spring,-0.18,-0.88,0.32,-0.41,7.71
1958-06,22.2,29.0,17.6,6,1958,Summer,-0.18,-0.88,0.32,-0.41,11.26
1958-07,25.6,30.5,22.5,7,1958,Summer,-0.18,-0.88,0.32,-0.41,12.96
1958-08,23.8,28.4,20.5,8,1958,Summer,-0.18,-0.88,0.32,-0.41,12.06
1958-09,19.8,25.0,15.8,9,1958,Autumn,-0.18,-0.88,0.32,-0.41,9.695
1958-10,12.7,18.4,8.0,10,1958,Autumn,-0.18,-0.88,0.32,-0.41,6.145
1958-11,6.7,11.3,2.5,11,1958,Autumn,-0.18,-0.88,0.32,-0.41,3.145
1958-12,4.0,8.3,0.0,12,1958,Winter,-0.18,-0.88,0.32,-0.41,1.91
1959-01,-5.1,-0.7,-9.5,1,1959,Winter,-0.22,0.25,1.0,0.65,-2.6599999999999997
1959-02,2.4,6.7,-1.3,2,1959,Winter,-0.22,0.25,1.0,0.65,1.0899999999999999
1959-03,6.0,10.8,1.8,3,1959,Spring,-0.22,0.25,1.0,0.65,3.125
1959-04,10.2,15.8,5.6,4,1959,Spring,-0.22,0.25,1.0,0.65,5.225
1959-05,17.9,23.9,13.1,5,1959,Spring,-0.22,0.25,1.0,0.65,9.075
1959-06,20.4,25.6,16.6,6,1959,Summer,-0.22,0.25,1.0,0.65,10.7
1959-07,24.4,28.7,21.2,7,1959,Summer,-0.22,0.25,1.0,0.65,12.7
1959-08,25.8,31.1,22.2,8,1959,Summer,-0.22,0.25,1.0,0.65,13.4
1959-09,20.8,25.6,16.9,9,1959,Autumn,-0.22,0.25,1.0,0.65,10.725
1959-10,14.8,20.9,9.6,10,1959,Autumn,-0.22,0.25,1.0,0.65,7.7250000000000005
1959-11,5.8,10.6,1.0,11,1959,Autumn,-0.22,0.25,1.0,0.65,3.225
1959-12,1.1,4.8,-2.8,12,1959,Winter,-0.22,0.25,1.0,0.65,0.44000000000000006
1960-01,-3.3,0.6,-7.6,1,1960,Winter,0.82,-0.49,-0.38,1.21,-1.24
1960-02,1.7,6.4,-2.7,2,1960,Winter,0.82,-0.49,-0.38,1.21,1.26
1960-03,6.7,12.0,1.9,3,1960,Spring,0.82,-0.49,-0.38,1.21,3.105
1960-04,10.6,16.7,5.5,4,1960,Spring,0.82,-0.49,-0.38,1.21,5.055
1960-05,16.5,21.9,11.9,5,1960,Spring,0.82,-0.49,-0.38,1.21,8.005
1960-06,20.6,25.4,16.7,6,1960,Summer,0.82,-0.49,-0.38,1.21,10.110000000000001
1960-07,24.8,28.9,21.9,7,1960,Summer,0.82,-0.49,-0.38,1.21,12.21
1960-08,26.2,31.2,22.5,8,1960,Summer,0.82,-0.49,-0.38,1.21,12.91
1960-09,20.8,25.4,16.9,9,1960,Autumn,0.82,-0.49,-0.38,1.21,11.005
1960-10,15.1,21.1,9.9,10,1960,Autumn,0.82,-0.49,-0.38,1.21,8.155
1960-11,7.1,11.7,2.3,11,1960,Autumn,0.82,-0.49,-0.38,1.21,4.154999999999999
1960-12,-1.8,2.3,-6.2,12,1960,Winter,0.82,-0.49,-0.38,1.21,-0.49000000000000005
1961-01,-5.2,-1.2,-9.6,1,1961,Winter,-0.04,-0.68,1.52,0.51,-2.62
1961-02,-0.9,3.8,-5.3,2,1961,Winter,-0.04,-0.68,1.52,0.51,-0.47000000000000003
1961-03,5.4,11.0,0.7,3,1961,Spring,-0.04,-0.68,1.52,0.51,2.3600000000000003
1961-04,11.7,17.4,6.5,4,1961,Spring,-0.04,-0.68,1.52,0.51,5.51
1961-05,17.3,22.9,11.8,5,1961,Spring,-0.04,-0.68,1.52,0.51,8.31
1961-06,21.9,26.7,17.6,6,1961,Summer,-0.04,-0.68,1.52,0.51,11.709999999999999
1961-07,26.2,30.1,23.3,7,1961,Summer,-0.04,-0.68,1.52,0.51,13.86
1961-08,26.8,31.0,23.5,8,1961,Summer,-0.04,-0.68,1.52,0.51,14.16
1961-09,21.5,26.2,17.1,9,1961,Autumn,-0.04,-0.68,1.52,0.51,11.005
1961-10,15.6,20.8,10.8,10,1961,Autumn,-0.04,-0.68,1.52,0.51,8.055
1961-11,8.9,13.6,4.7,11,1961,Autumn,-0.04,-0.68,1.52,0.51,4.705
1961-12,-0.6,3.5,-4.5,12,1961,Winter,-0.04,-0.68,1.52,0.51,-0.32
1962-01,-3.4,0.9,-7.3,1,1962,Winter,0.32,-0.7,-0.39,-0.66,-1.54
1962-02,-0.7,4.2,-4.8,2,1962,Winter,0.32,-0.7,-0.39,-0.66,-0.18999999999999997
1962-03,3.2,7.9,-1.0,3,1962,Spring,0.32,-0.7,-0.39,-0.66,1.25
1962-04,10.0,15.1,4.9,4,1962,Spring,0.32,-0.7,-0.39,-0.66,4.65
1962-05,17.6,23.8,11.5,5,1962,Spring,0.32,-0.7,-0.39,-0.66,8.450000000000001
1962-06,21.1,26.4,16.3,6,1962,Summer,0.32,-0.7,-0.39,-0.66,10.355
1962-07,26.1,30.5,22.2,7,1962,Summer,0.32,-0.7,-0.39,-0.66,12.855
1962-08,25.1,29.2,22.4,8,1962,Summer,0.32,-0.7,-0.39,-0.66,12.355
1962-09,20.3,24.7,16.3,9,1962,Autumn,0.32,-0.7,-0.39,-0.66,9.82
1962-10,13.6,18.9,8.0,10,1962,Autumn,0.32,-0.7,-0.39,-0.66,6.47
1962-11,6.4,10.5,2.2,11,1962,Autumn,0.32,-0.7,-0.39,-0.66,2.87
1962-12,1.1,5.5,-3.0,12,1962,Winter,0.32,-0.7,-0.39,-0.66,0.7100000000000001
1963-01,-9.1,-4.8,-13.0,1,1963,Winter,-2.67,-2.67,-0.87,-0.32,-5.885
1963-02,-2.4,2.4,-6.5,2,1963,Winter,-2.67,-2.67,-0.87,-0.32,-2.535
1963-03,5.5,11.4,0.6,3,1963,Spring,-2.67,-2.67,-0.87,-0.32,1.415
1963-04,11.4,15.7,7.3,4,1963,Spring,-2.67,-2.67,-0.87,-0.32,4.365
1963-05,16.9,21.8,12.7,5,1963,Spring,-2.67,-2.67,-0.87,-0.32,7.114999999999999
1963-06,21.2,26.0,17.2,6,1963,Summer,-2.67,-2.67,-0.87,-0.32,10.165
1963-07,24.5,28.0,21.8,7,1963,Summer,-2.67,-2.67,-0.87,-0.32,11.815
1963-08,25.7,30.1,22.5,8,1963,Summer,-2.67,-2.67,-0.87,-0.32,12.415
1963-09,20.5,25.5,16.2,9,1963,Autumn,-2.67,-2.67,-0.87,-0.32,10.09
1963-10,13.5,19.5,8.0,10,1963,Autumn,-2.67,-2.67,-0.87,-0.32,6.59
1963-11,6.5,11.3,2.2,11,1963,Autumn,-2.67,-2.67,-0.87,-0.32,3.09
1963-12,0.8,5.1,-3.1,12,1963,Winter,-2.67,-2.67,-0.87,-0.32,-0.9349999999999999
1964-01,-0.1,3.8,-3.5,1,1964,Winter,-0.87,0.31,0.01,-0.6,-0.485
1964-02,-3.5,0.4,-7.0,2,1964,Winter,-0.87,0.31,0.01,-0.6,-2.185
1964-03,3.8,8.5,0.1,3,1964,Spring,-0.87,0.31,0.01,-0.6,2.0549999999999997
1964-04,14.1,18.6,10.1,4,1964,Spring,-0.87,0.31,0.01,-0.6,7.205
1964-05,18.6,24.2,13.7,5,1964,Spring,-0.87,0.31,0.01,-0.6,9.455
1964-06,21.6,26.5,17.6,6,1964,Summer,-0.87,0.31,0.01,-0.6,10.805000000000001
1964-07,24.7,28.3,22.0,7,1964,Summer,-0.87,0.31,0.01,-0.6,12.355
1964-08,26.3,30.4,23.3,8,1964,Summer,-0.87,0.31,0.01,-0.6,13.155000000000001
1964-09,20.3,24.6,16.6,9,1964,Autumn,-0.87,0.31,0.01,-0.6,9.85
1964-10,13.8,19.2,9.3,10,1964,Autumn,-0.87,0.31,0.01,-0.6,6.6000000000000005
1964-11,6.3,11.0,2.1,11,1964,Autumn,-0.87,0.31,0.01,-0.6,2.85
1964-12,0.2,4.7,-3.6,12,1964,Winter,-0.87,0.31,0.01,-0.6,-0.33499999999999996
1965-01,-4.2,-0.1,-7.9,1,1965,Winter,-0.88,-1.09,-0.26,0.47,-2.54
1965-02,-1.2,3.2,-5.2,2,1965,Winter,-0.88,-1.09,-0.26,0.47,-1.04
1965-03,2.7,7.8,-1.7,3,1965,Spring,-0.88,-1.09,-0.26,0.47,0.805
1965-04,10.3,15.8,5.5,4,1965,Spring,-0.88,-1.09,-0.26,0.47,4.605
1965-05,17.3,23.4,12.4,5,1965,Spring,-0.88,-1.09,-0.26,0.47,8.105
1965-06,22.1,28.7,17.2,6,1965,Summer,-0.88,-1.09,-0.26,0.47,10.92
1965-07,24.1,28.3,20.8,7,1965,Summer,-0.88,-1.09,-0.26,0.47,11.92
1965-08,24.4,28.4,21.4,8,1965,Summer,-0.88,-1.09,-0.26,0.47,12.069999999999999
1965-09,20.9,26.7,15.8,9,1965,Autumn,-0.88,-1.09,-0.26,0.47,10.684999999999999
1965-10,14.8,20.9,9.7,10,1965,Autumn,-0.88,-1.09,-0.26,0.47,7.635000000000001
1965-11,7.0,11.3,2.7,11,1965,Autumn,-0.88,-1.09,-0.26,0.47,3.735
1965-12,-2.0,2.4,-6.2,12,1965,Winter,-0.88,-1.09,-0.26,0.47,-1.44
1966-01,-4.6,0.1,-9.0,1,1966,Winter,-0.57,-0.18,0.58,-0.03,-2.585
1966-02,0.1,4.8,-4.4,2,1966,Winter,-0.57,-0.18,0.58,-0.03,-0.235
1966-03,4.8,9.2,1.3,3,1966,Spring,-0.57,-0.18,0.58,-0.03,2.31
1966-04,11.8,17.6,7.0,4,1966,Spring,-0.57,-0.18,0.58,-0.03,5.8100000000000005
1966-05,18.3,24.1,12.9,5,1966,Spring,-0.57,-0.18,0.58,-0.03,9.06
1966-06,20.5,25.4,16.4,6,1966,Summer,-0.57,-0.18,0.58,-0.03,10.54
1966-07,23.6,26.9,21.2,7,1966,Summer,-0.57,-0.18,0.58,-0.03,12.09
1966-08,26.7,31.2,23.3,8,1966,Summer,-0.57,-0.18,0.58,-0.03,13.639999999999999
1966-09,19.7,24.7,15.5,9,1966,Autumn,-0.57,-0.18,0.58,-0.03,9.834999999999999
1966-10,14.4,19.5,10.2,10,1966,Autumn,-0.57,-0.18,0.58,-0.03,7.1850000000000005
1966-11,5.9,10.7,1.4,11,1966,Autumn,-0.57,-0.18,0.58,-0.03,2.935
1966-12,-3.0,1.3,-6.7,12,1966,Winter,-0.57,-0.18,0.58,-0.03,-1.785
1967-01,-4.4,0.3,-8.5,1,1967,Winter,-1.58,0.39,0.91,-1.65,-2.99
1967-02,-2.4,1.4,-5.7,2,1967,Winter,-1.58,0.39,0.91,-1.65,-1.99
1967-03,4.8,9.7,0.8,3,1967,Spring,-1.58,0.39,0.91,-1.65,2.5949999999999998
1967-04,11.8,17.3,7.3,4,1967,Spring,-1.58,0.39,0.91,-1.65,6.095000000000001
1967-05,19.3,25.7,14.2,5,1967,Spring,-1.58,0.39,0.91,-1.65,9.845
1967-06,21.3,26.3,17.5,6,1967,Summer,-1.58,0.39,0.91,-1.65,11.105
1967-07,25.5,29.6,22.5,7,1967,Summer,-1.58,0.39,0.91,-1.65,13.205
1967-08,26.7,30.5,24.1,8,1967,Summer,-1.58,0.39,0.91,-1.65,13.805
1967-09,20.7,26.0,16.3,9,1967,Autumn,-1.58,0.39,0.91,-1.65,9.525
1967-10,14.5,20.4,9.2,10,1967,Autumn,-1.58,0.39,0.91,-1.65,6.425
1967-11,6.5,11.4,2.6,11,1967,Autumn,-1.58,0.39,0.91,-1.65,2.425
1967-12,-4.9,-1.1,-8.2,12,1967,Winter,-1.58,0.39,0.91,-1.65,-3.24
1968-01,-4.0,0.1,-7.7,1,1968,Winter,-1.97,-1.04,-0.56,-0.71,-2.985
1968-02,-4.4,0.7,-8.4,2,1968,Winter,-1.97,-1.04,-0.56,-0.71,-3.185
1968-03,4.4,9.6,0.3,3,1968,Spring,-1.97,-1.04,-0.56,-0.71,1.6800000000000002
1968-04,12.6,18.8,7.1,4,1968,Spring,-1.97,-1.04,-0.56,-0.71,5.779999999999999
1968-05,17.2,22.8,12.5,5,1968,Spring,-1.97,-1.04,-0.56,-0.71,8.08
1968-06,21.0,26.7,16.4,6,1968,Summer,-1.97,-1.04,-0.56,-0.71,10.22
1968-07,24.7,28.5,21.9,7,1968,Summer,-1.97,-1.04,-0.56,-0.71,12.07
1968-08,24.9,29.5,21.3,8,1968,Summer,-1.97,-1.04,-0.56,-0.71,12.17
1968-09,20.9,26.4,16.3,9,1968,Autumn,-1.97,-1.04,-0.56,-0.71,10.094999999999999
1968-10,13.0,18.5,8.4,10,1968,Autumn,-1.97,-1.04,-0.56,-0.71,6.145
1968-11,7.6,12.7,3.5,11,1968,Autumn,-1.97,-1.04,-0.56,-0.71,3.445
1968-12,3.1,7.2,0.1,12,1968,Winter,-1.97,-1.04,-0.56,-0.71,0.5650000000000001
1969-01,-3.5,0.4,-6.7,1,1969,Winter,-0.47,-2.04,-1.17,-1.32,-1.9849999999999999
1969-02,-2.7,0.9,-6.1,2,1969,Winter,-0.47,-2.04,-1.17,-1.32,-1.585
1969-03,2.9,7.7,-0.8,3,1969,Spring,-0.47,-2.04,-1.17,-1.32,0.42999999999999994
1969-04,10.6,16.0,6.2,4,1969,Spring,-0.47,-2.04,-1.17,-1.32,4.279999999999999
1969-05,16.4,21.7,12.0,5,1969,Spring,-0.47,-2.04,-1.17,-1.32,7.18
1969-06,20.0,25.5,15.6,6,1969,Summer,-0.47,-2.04,-1.17,-1.32,9.415
1969-07,24.0,27.7,21.1,7,1969,Summer,-0.47,-2.04,-1.17,-1.32,11.415
1969-08,24.8,28.9,21.7,8,1969,Summer,-0.47,-2.04,-1.17,-1.32,11.815000000000001
1969-09,20.8,25.2,17.3,9,1969,Autumn,-0.47,-2.04,-1.17,-1.32,9.74
1969-10,13.9,19.5,8.7,10,1969,Autumn,-0.47,-2.04,-1.17,-1.32,6.29
1969-11,5.0,9.4,1.2,11,1969,Autumn,-0.47,-2.04,-1.17,-1.32,1.8399999999999999
1969-12,-2.0,2.2,-6.0,12,1969,Winter,-0.47,-2.04,-1.17,-1.32,-1.2349999999999999
1970-01,-4.8,0.0,-8.8,1,1970,Winter,-1.56,-2.13,-1.26,-1.84,-3.1799999999999997
1970-02,-0.2,4.7,-3.9,2,1970,Winter,-1.56,-2.13,-1.26,-1.84,-0.88
1970-03,0.4,4.8,-3.2,3,1970,Spring,-1.56,-2.13,-1.26,-1.84,-0.865
1970-04,12.2,18.3,7.1,4,1970,Spring,-1.56,-2.13,-1.26,-1.84,5.035
1970-05,18.7,24.6,13.8,5,1970,Spring,-1.56,-2.13,-1.26,-1.84,8.285
1970-06,20.5,25.1,16.9,6,1970,Summer,-1.56,-2.13,-1.26,-1.84,9.62
1970-07,23.0,26.5,20.5,7,1970,Summer,-1.56,-2.13,-1.26,-1.84,10.87
1970-08,25.9,29.9,22.9,8,1970,Summer,-1.56,-2.13,-1.26,-1.84,12.319999999999999
1970-09,21.2,26.0,17.5,9,1970,Autumn,-1.56,-2.13,-1.26,-1.84,9.68
1970-10,14.9,20.4,10.2,10,1970,Autumn,-1.56,-2.13,-1.26,-1.84,6.53
1970-11,5.7,10.4,1.4,11,1970,Autumn,-1.56,-2.13,-1.26,-1.84,1.9300000000000002
1970-12,-1.0,2.9,-4.6,12,1970,Winter,-1.56,-2.13,-1.26,-1.84,-1.28
1971-01,-2.4,1.7,-5.7,1,1971,Winter,0.19,-1.59,-0.51,-1.32,-1.105
1971-02,-0.7,3.5,-4.2,2,1971,Winter,0.19,-1.59,-0.51,-1.32,-0.255
1971-03,2.0,6.6,-1.5,3,1971,Spring,0.19,-1.59,-0.51,-1.32,0.20499999999999996
1971-04,11.2,17.0,6.5,4,1971,Spring,0.19,-1.59,-0.51,-1.32,4.805
1971-05,16.6,22.1,12.0,5,1971,Spring,0.19,-1.59,-0.51,-1.32,7.505000000000001
1971-06,21.6,26.0,18.2,6,1971,Summer,0.19,-1.59,-0.51,-1.32,10.545
1971-07,23.9,27.3,21.3,7,1971,Summer,0.19,-1.59,-0.51,-1.32,11.694999999999999
1971-08,24.6,28.6,21.5,8,1971,Summer,0.19,-1.59,-0.51,-1.32,12.045
1971-09,20.6,25.2,16.8,9,1971,Autumn,0.19,-1.59,-0.51,-1.32,9.64
1971-10,13.0,18.7,8.0,10,1971,Autumn,0.19,-1.59,-0.51,-1.32,5.84
1971-11,8.7,13.4,4.8,11,1971,Autumn,0.19,-1.59,-0.51,-1.32,3.6899999999999995
1971-12,-1.2,2.8,-4.7,12,1971,Winter,0.19,-1.59,-0.51,-1.32,-0.505
1972-01,0.8,4.5,-2.1,1,1972,Winter,0.96,-0.99,-1.29,-0.16,0.88
1972-02,-0.6,3.0,-3.5,2,1972,Winter,0.96,-0.99,-1.29,-0.16,0.18
1972-03,5.3,10.3,1.4,3,1972,Spring,0.96,-0.99,-1.29,-0.16,2.155
1972-04,11.5,16.7,6.9,4,1972,Spring,0.96,-0.99,-1.29,-0.16,5.255
1972-05,16.4,21.3,11.7,5,1972,Spring,0.96,-0.99,-1.29,-0.16,7.704999999999999
1972-06,21.7,27.4,17.2,6,1972,Summer,0.96,-0.99,-1.29,-0.16,10.205
1972-07,25.7,30.0,22.1,7,1972,Summer,0.96,-0.99,-1.29,-0.16,12.205
1972-08,23.1,27.1,19.7,8,1972,Summer,0.96,-0.99,-1.29,-0.16,10.905000000000001
1972-09,19.0,24.0,14.8,9,1972,Autumn,0.96,-0.99,-1.29,-0.16,9.42
1972-10,13.8,19.2,9.1,10,1972,Autumn,0.96,-0.99,-1.29,-0.16,6.82
1972-11,5.2,9.3,1.6,11,1972,Autumn,0.96,-0.99,-1.29,-0.16,2.52
1972-12,0.6,4.7,-2.9,12,1972,Winter,0.96,-0.99,-1.29,-0.16,0.78
1973-01,0.4,4.2,-2.5,1,1973,Winter,0.96,-1.0,-0.01,-1.21,0.6799999999999999
1973-02,0.6,5.2,-3.2,2,1973,Winter,0.96,-1.0,-0.01,-1.21,0.78
1973-03,4.5,10.0,0.4,3,1973,Spring,0.96,-1.0,-0.01,-1.21,1.75
1973-04,12.4,17.6,8.0,4,1973,Spring,0.96,-1.0,-0.01,-1.21,5.7
1973-05,17.4,22.9,12.8,5,1973,Spring,0.96,-1.0,-0.01,-1.21,8.2
1973-06,21.4,26.1,17.8,6,1973,Summer,0.96,-1.0,-0.01,-1.21,10.694999999999999
1973-07,26.8,31.2,23.6,7,1973,Summer,0.96,-1.0,-0.01,-1.21,13.395
1973-08,25.9,29.8,23.0,8,1973,Summer,0.96,-1.0,-0.01,-1.21,12.944999999999999
1973-09,20.3,25.0,16.5,9,1973,Autumn,0.96,-1.0,-0.01,-1.21,9.545
1973-10,13.0,18.1,8.7,10,1973,Autumn,0.96,-1.0,-0.01,-1.21,5.895
1973-11,4.7,9.3,0.8,11,1973,Autumn,0.96,-1.0,-0.01,-1.21,1.745
1973-12,-3.0,1.7,-7.0,12,1973,Winter,0.96,-1.0,-0.01,-1.21,-1.02
1974-01,-2.4,2.5,-6.3,1,1974,Winter,-1.56,-1.78,-1.61,-0.76,-1.98
1974-02,-2.1,1.9,-5.5,2,1974,Winter,-1.56,-1.78,-1.61,-0.76,-1.83
1974-03,3.7,8.9,-0.1,3,1974,Spring,-1.56,-1.78,-1.61,-0.76,0.9600000000000001
1974-04,10.7,15.8,6.2,4,1974,Spring,-1.56,-1.78,-1.61,-0.76,4.46
1974-05,16.7,22.1,12.1,5,1974,Spring,-1.56,-1.78,-1.61,-0.76,7.46
1974-06,19.7,25.1,15.5,6,1974,Summer,-1.56,-1.78,-1.61,-0.76,9.045
1974-07,23.5,27.2,20.9,7,1974,Summer,-1.56,-1.78,-1.61,-0.76,10.945
1974-08,25.1,29.4,21.8,8,1974,Summer,-1.56,-1.78,-1.61,-0.76,11.745000000000001
1974-09,20.6,25.8,16.5,9,1974,Autumn,-1.56,-1.78,-1.61,-0.76,9.92
1974-10,12.6,17.9,7.8,10,1974,Autumn,-1.56,-1.78,-1.61,-0.76,5.92
1974-11,5.4,10.5,1.3,11,1974,Autumn,-1.56,-1.78,-1.61,-0.76,2.3200000000000003
1974-12,-0.5,3.7,-4.1,12,1974,Winter,-1.56,-1.78,-1.61,-0.76,-1.03
1975-01,-2.7,1.8,-6.3,1,1975,Winter,-0.05,-0.71,0.84,0.08,-1.375
1975-02,-0.8,4.0,-4.5,2,1975,Winter,-0.05,-0.71,0.84,0.08,-0.42500000000000004
1975-03,4.4,9.7,0.5,3,1975,Spring,-0.05,-0.71,0.84,0.08,1.8450000000000002
1975-04,13.3,19.3,8.4,4,1975,Spring,-0.05,-0.71,0.84,0.08,6.295
1975-05,16.7,22.2,12.3,5,1975,Spring,-0.05,-0.71,0.84,0.08,7.994999999999999
1975-06,21.4,26.7,17.5,6,1975,Summer,-0.05,-0.71,0.84,0.08,11.12
1975-07,24.9,28.8,22.0,7,1975,Summer,-0.05,-0.71,0.84,0.08,12.87
1975-08,27.0,31.9,23.4,8,1975,Summer,-0.05,-0.71,0.84,0.08,13.92
1975-09,22.6,27.1,19.0,9,1975,Autumn,-0.05,-0.71,0.84,0.08,11.34
1975-10,15.4,20.6,11.2,10,1975,Autumn,-0.05,-0.71,0.84,0.08,7.74
1975-11,9.0,13.8,5.2,11,1975,Autumn,-0.05,-0.71,0.84,0.08,4.54
1975-12,-1.6,2.8,-5.0,12,1975,Winter,-0.05,-0.71,0.84,0.08,-0.8250000000000001
1976-01,-3.8,0.7,-7.8,1,1976,Winter,0.43,-1.43,-1.01,-1.45,-1.6849999999999998
1976-02,2.8,7.1,-0.7,2,1976,Winter,0.43,-1.43,-1.01,-1.45,1.615
1976-03,4.8,10.1,1.0,3,1976,Spring,0.43,-1.43,-1.01,-1.45,1.685
1976-04,11.3,17.0,6.7,4,1976,Spring,0.43,-1.43,-1.01,-1.45,4.9350000000000005
1976-05,16.7,22.7,11.5,5,1976,Spring,0.43,-1.43,-1.01,-1.45,7.635
1976-06,21.3,26.9,17.2,6,1976,Summer,0.43,-1.43,-1.01,-1.45,10.145
1976-07,23.1,27.7,19.7,7,1976,Summer,0.43,-1.43,-1.01,-1.45,11.045
1976-08,23.7,27.6,20.9,8,1976,Summer,0.43,-1.43,-1.01,-1.45,11.344999999999999
1976-09,19.9,25.3,15.4,9,1976,Autumn,0.43,-1.43,-1.01,-1.45,9.225
1976-10,13.7,19.0,9.2,10,1976,Autumn,0.43,-1.43,-1.01,-1.45,6.125
1976-11,3.5,8.0,-0.4,11,1976,Autumn,0.43,-1.43,-1.01,-1.45,1.025
1976-12,0.4,4.6,-3.4,12,1976,Winter,0.43,-1.43,-1.01,-1.45,0.41500000000000004
1977-01,-6.7,-2.5,-10.1,1,1977,Winter,-2.62,-1.89,-0.57,-0.29,-4.66
1977-02,-2.4,2.6,-6.6,2,1977,Winter,-2.62,-1.89,-0.57,-0.29,-2.51
1977-03,5.4,11.1,0.7,3,1977,Spring,-2.62,-1.89,-0.57,-0.29,1.7550000000000003
1977-04,12.5,18.2,7.3,4,1977,Spring,-2.62,-1.89,-0.57,-0.29,5.305
1977-05,17.4,23.0,12.4,5,1977,Spring,-2.62,-1.89,-0.57,-0.29,7.754999999999999
1977-06,22.5,27.9,17.9,6,1977,Summer,-2.62,-1.89,-0.57,-0.29,10.965
1977-07,26.0,30.1,22.9,7,1977,Summer,-2.62,-1.89,-0.57,-0.29,12.715
1977-08,24.6,29.3,20.6,8,1977,Summer,-2.62,-1.89,-0.57,-0.29,12.015
1977-09,21.5,26.7,17.4,9,1977,Autumn,-2.62,-1.89,-0.57,-0.29,10.605
1977-10,16.7,22.7,11.7,10,1977,Autumn,-2.62,-1.89,-0.57,-0.29,8.205
1977-11,7.6,11.8,3.8,11,1977,Autumn,-2.62,-1.89,-0.57,-0.29,3.655
1977-12,2.4,6.3,-0.9,12,1977,Winter,-2.62,-1.89,-0.57,-0.29,-0.1100000000000001
1978-01,-2.4,1.7,-6.0,1,1978,Winter,-0.94,-0.32,1.32,0.27,-1.67
1978-02,-2.5,2.0,-6.2,2,1978,Winter,-0.94,-0.32,1.32,0.27,-1.72
1978-03,4.2,9.2,-0.2,3,1978,Spring,-0.94,-0.32,1.32,0.27,1.9400000000000002
1978-04,11.5,17.2,6.6,4,1978,Spring,-0.94,-0.32,1.32,0.27,5.59
1978-05,18.5,25.1,12.9,5,1978,Spring,-0.94,-0.32,1.32,0.27,9.09
1978-06,21.9,26.9,18.2,6,1978,Summer,-0.94,-0.32,1.32,0.27,11.61
1978-07,26.4,30.1,23.3,7,1978,Summer,-0.94,-0.32,1.32,0.27,13.86
1978-08,25.8,29.8,23.1,8,1978,Summer,-0.94,-0.32,1.32,0.27,13.56
1978-09,20.9,25.8,17.1,9,1978,Autumn,-0.94,-0.32,1.32,0.27,10.584999999999999
1978-10,14.5,20.1,10.0,10,1978,Autumn,-0.94,-0.32,1.32,0.27,7.385
1978-11,7.9,12.7,4.1,11,1978,Autumn,-0.94,-0.32,1.32,0.27,4.085
1978-12,1.6,5.6,-1.6,12,1978,Winter,-0.94,-0.32,1.32,0.27,0.33000000000000007
1979-01,0.9,5.1,-2.8,1,1979,Winter,1.43,-0.72,-0.91,0.02,1.165
1979-02,0.6,5.0,-2.8,2,1979,Winter,1.43,-0.72,-0.91,0.02,1.015
1979-03,6.0,11.3,2.0,3,1979,Spring,1.43,-0.72,-0.91,0.02,2.64
1979-04,11.2,16.2,6.8,4,1979,Spring,1.43,-0.72,-0.91,0.02,5.239999999999999
1979-05,16.5,22.2,11.6,5,1979,Spring,1.43,-0.72,-0.91,0.02,7.89
1979-06,21.4,25.4,18.2,6,1979,Summer,1.43,-0.72,-0.91,0.02,10.245
1979-07,24.3,28.5,21.3,7,1979,Summer,1.43,-0.72,-0.91,0.02,11.695
1979-08,25.4,29.5,22.0,8,1979,Summer,1.43,-0.72,-0.91,0.02,12.245
1979-09,20.1,25.0,15.9,9,1979,Autumn,1.43,-0.72,-0.91,0.02,10.06
1979-10,15.9,21.9,10.7,10,1979,Autumn,1.43,-0.72,-0.91,0.02,7.96
1979-11,5.7,10.5,1.6,11,1979,Autumn,1.43,-0.72,-0.91,0.02,2.86
1979-12,1.4,5.3,-1.8,12,1979,Winter,1.43,-0.72,-0.91,0.02,1.415
1980-01,-3.7,0.5,-7.3,1,1980,Winter,-1.01,-1.57,-2.02,-4.69,-2.355
1980-02,-3.1,1.8,-7.0,2,1980,Winter,-1.01,-1.57,-2.02,-4.69,-2.055
1980-03,5.2,10.8,1.0,3,1980,Spring,-1.01,-1.57,-2.02,-4.69,1.815
1980-04,10.1,15.3,5.7,4,1980,Spring,-1.01,-1.57,-2.02,-4.69,4.265
1980-05,16.5,22.1,11.6,5,1980,Spring,-1.01,-1.57,-2.02,-4.69,7.465
1980-06,21.6,26.5,17.5,6,1980,Summer,-1.01,-1.57,-2.02,-4.69,9.790000000000001
1980-07,22.7,26.7,19.9,7,1980,Summer,-1.01,-1.57,-2.02,-4.69,10.34
1980-08,22.8,26.7,19.9,8,1980,Summer,-1.01,-1.57,-2.02,-4.69,10.39
1980-09,19.6,24.9,15.2,9,1980,Autumn,-1.01,-1.57,-2.02,-4.69,7.455
1980-10,13.0,18.7,8.2,10,1980,Autumn,-1.01,-1.57,-2.02,-4.69,4.154999999999999
1980-11,8.6,13.5,4.3,11,1980,Autumn,-1.01,-1.57,-2.02,-4.69,1.9549999999999996
1980-12,-3.8,0.3,-7.4,12,1980,Winter,-1.01,-1.57,-2.02,-4.69,-2.405
1981-01,-7.0,-2.6,-10.7,1,1981,Winter,-3.26,-1.44,-0.62,-4.76,-5.13
1981-02,-1.4,2.7,-5.0,2,1981,Winter,-3.26,-1.44,-0.62,-4.76,-2.33
1981-03,5.7,11.5,1.0,3,1981,Spring,-3.26,-1.44,-0.62,-4.76,2.13
1981-04,11.9,17.8,7.0,4,1981,Spring,-3.26,-1.44,-0.62,-4.76,5.23
1981-05,15.9,20.9,11.6,5,1981,Spring,-3.26,-1.44,-0.62,-4.76,7.23
1981-06,21.8,26.8,17.5,6,1981,Summer,-3.26,-1.44,-0.62,-4.76,10.59
1981-07,25.4,29.3,22.5,7,1981,Summer,-3.26,-1.44,-0.62,-4.76,12.389999999999999
1981-08,24.5,28.7,21.1,8,1981,Summer,-3.26,-1.44,-0.62,-4.76,11.94
1981-09,20.0,25.0,15.8,9,1981,Autumn,-3.26,-1.44,-0.62,-4.76,7.62
1981-10,13.4,18.1,9.0,10,1981,Autumn,-3.26,-1.44,-0.62,-4.76,4.32
1981-11,3.6,7.5,-0.1,11,1981,Autumn,-3.26,-1.44,-0.62,-4.76,-0.5799999999999998
1981-12,0.1,4.1,-3.7,12,1981,Winter,-3.26,-1.44,-0.62,-4.76,-1.5799999999999998
1982-01,-3.5,0.8,-7.1,1,1982,Winter,-0.33,-0.27,-0.5,0.67,-1.915
1982-02,0.6,5.5,-3.4,2,1982,Winter,-0.33,-0.27,-0.5,0.67,0.13499999999999998
1982-03,5.9,10.9,1.7,3,1982,Spring,-0.33,-0.27,-0.5,0.67,2.8150000000000004
1982-04,12.3,18.1,7.5,4,1982,Spring,-0.33,-0.27,-0.5,0.67,6.015000000000001
1982-05,17.9,22.9,13.7,5,1982,Spring,-0.33,-0.27,-0.5,0.67,8.815
1982-06,21.9,27.3,17.4,6,1982,Summer,-0.33,-0.27,-0.5,0.67,10.7
1982-07,25.1,30.1,21.3,7,1982,Summer,-0.33,-0.27,-0.5,0.67,12.3
1982-08,25.4,29.2,22.4,8,1982,Summer,-0.33,-0.27,-0.5,0.67,12.45
1982-09,20.8,26.3,15.5,9,1982,Autumn,-0.33,-0.27,-0.5,0.67,10.735000000000001
1982-10,15.8,21.8,10.8,10,1982,Autumn,-0.33,-0.27,-0.5,0.67,8.235000000000001
1982-11,7.9,12.5,3.8,11,1982,Autumn,-0.33,-0.27,-0.5,0.67,4.285
1982-12,-0.1,3.7,-3.5,12,1982,Winter,-0.33,-0.27,-0.5,0.67,-0.21500000000000002
1983-01,-1.7,2.6,-5.4,1,1983,Winter,0.13,-0.29,0.34,-0.26,-0.7849999999999999
1983-02,-1.7,2.4,-5.6,2,1983,Winter,0.13,-0.29,0.34,-0.26,-0.7849999999999999
1983-03,6.4,11.3,2.0,3,1983,Spring,0.13,-0.29,0.34,-0.26,3.055
1983-04,13.6,19.0,8.4,4,1983,Spring,0.13,-0.29,0.34,-0.26,6.655
1983-05,18.5,23.7,13.3,5,1983,Spring,0.13,-0.29,0.34,-0.26,9.105
1983-06,22.2,27.9,17.4,6,1983,Summer,0.13,-0.29,0.34,-0.26,11.27
1983-07,23.6,26.8,21.0,7,1983,Summer,0.13,-0.29,0.34,-0.26,11.97
1983-08,26.0,30.0,22.9,8,1983,Summer,0.13,-0.29,0.34,-0.26,13.17
1983-09,22.0,26.1,18.5,9,1983,Autumn,0.13,-0.29,0.34,-0.26,10.87
1983-10,14.2,18.7,10.1,10,1983,Autumn,0.13,-0.29,0.34,-0.26,6.97
1983-11,6.7,11.2,2.5,11,1983,Autumn,0.13,-0.29,0.34,-0.26,3.22
1983-12,-1.1,2.9,-5.2,12,1983,Winter,0.13,-0.29,0.34,-0.26,-0.48500000000000004
1984-01,-5.9,-1.7,-9.5,1,1984,Winter,-1.52,-0.79,0.2,-0.11,-3.71
1984-02,-3.5,1.3,-7.3,2,1984,Winter,-1.52,-0.79,0.2,-0.11,-2.51
1984-03,2.5,7.3,-1.3,3,1984,Spring,-1.52,-0.79,0.2,-0.11,0.855
1984-04,12.1,17.9,7.4,4,1984,Spring,-1.52,-0.79,0.2,-0.11,5.654999999999999
1984-05,18.2,24.0,13.5,5,1984,Spring,-1.52,-0.79,0.2,-0.11,8.705
1984-06,22.6,27.7,18.4,6,1984,Summer,-1.52,-0.79,0.2,-0.11,11.4
1984-07,25.2,29.5,22.0,7,1984,Summer,-1.52,-0.79,0.2,-0.11,12.7
1984-08,26.3,30.5,23.3,8,1984,Summer,-1.52,-0.79,0.2,-0.11,13.25
1984-09,20.1,25.0,16.3,9,1984,Autumn,-1.52,-0.79,0.2,-0.11,9.995000000000001
1984-10,13.8,19.5,9.0,10,1984,Autumn,-1.52,-0.79,0.2,-0.11,6.845000000000001
1984-11,8.1,12.9,4.1,11,1984,Autumn,-1.52,-0.79,0.2,-0.11,3.9949999999999997
1984-12,-0.9,3.5,-4.2,12,1984,Winter,-1.52,-0.79,0.2,-0.11,-1.21
1985-01,-5.9,-1.2,-9.8,1,1985,Winter,-1.03,-0.14,0.48,-0.64,-3.4650000000000003
1985-02,-0.3,4.2,-3.9,2,1985,Winter,-1.03,-0.14,0.48,-0.64,-0.665
1985-03,4.3,9.5,0.4,3,1985,Spring,-1.03,-0.14,0.48,-0.64,2.08
1985-04,11.6,17.8,6.5,4,1985,Spring,-1.03,-0.14,0.48,-0.64,5.7299999999999995
1985-05,18.1,23.6,13.3,5,1985,Spring,-1.03,-0.14,0.48,-0.64,8.98
1985-06,22.1,27.3,18.0,6,1985,Summer,-1.03,-0.14,0.48,-0.64,11.290000000000001
1985-07,25.3,29.2,22.1,7,1985,Summer,-1.03,-0.14,0.48,-0.64,12.89
1985-08,26.3,30.4,23.1,8,1985,Summer,-1.03,-0.14,0.48,-0.64,13.39
1985-09,20.2,23.9,17.3,9,1985,Autumn,-1.03,-0.14,0.48,-0.64,9.78
1985-10,14.7,19.6,10.5,10,1985,Autumn,-1.03,-0.14,0.48,-0.64,7.029999999999999
1985-11,5.6,9.5,2.1,11,1985,Autumn,-1.03,-0.14,0.48,-0.64,2.48
1985-12,-3.4,0.4,-6.9,12,1985,Winter,-1.03,-0.14,0.48,-0.64,-2.215
1986-01,-5.4,-1.4,-8.9,1,1986,Winter,-0.93,-0.47,-0.78,-0.43,-3.165
1986-02,-3.3,0.7,-6.9,2,1986,Winter,-0.93,-0.47,-0.78,-0.43,-2.1149999999999998
1986-03,4.9,10.2,0.7,3,1986,Spring,-0.93,-0.47,-0.78,-0.43,2.2150000000000003
1986-04,11.9,17.8,6.8,4,1986,Spring,-0.93,-0.47,-0.78,-0.43,5.715
1986-05,17.1,22.5,12.4,5,1986,Spring,-0.93,-0.47,-0.78,-0.43,8.315000000000001
1986-06,21.9,26.3,18.2,6,1986,Summer,-0.93,-0.47,-0.78,-0.43,10.559999999999999
1986-07,23.5,27.0,20.5,7,1986,Summer,-0.93,-0.47,-0.78,-0.43,11.36
1986-08,24.5,28.3,21.2,8,1986,Summer,-0.93,-0.47,-0.78,-0.43,11.86
1986-09,19.9,24.7,15.8,9,1986,Autumn,-0.93,-0.47,-0.78,-0.43,9.735
1986-10,12.7,17.2,8.8,10,1986,Autumn,-0.93,-0.47,-0.78,-0.43,6.135
1986-11,5.2,9.5,1.2,11,1986,Autumn,-0.93,-0.47,-0.78,-0.43,2.3850000000000002
1986-12,1.9,5.4,-1.4,12,1986,Winter,-0.93,-0.47,-0.78,-0.43,0.48499999999999993
1987-01,-3.0,1.0,-6.9,1,1987,Winter,-0.14,-0.7,-0.71,0.06,-1.57
1987-02,-0.1,4.0,-3.8,2,1987,Winter,-0.14,-0.7,-0.71,0.06,-0.12000000000000001
1987-03,4.0,8.6,0.1,3,1987,Spring,-0.14,-0.7,-0.71,0.06,1.65
1987-04,10.8,16.3,6.0,4,1987,Spring,-0.14,-0.7,-0.71,0.06,5.050000000000001
1987-05,17.0,22.4,12.1,5,1987,Spring,-0.14,-0.7,-0.71,0.06,8.15
1987-06,22.4,27.1,17.8,6,1987,Summer,-0.14,-0.7,-0.71,0.06,10.844999999999999
1987-07,23.7,27.1,20.9,7,1987,Summer,-0.14,-0.7,-0.71,0.06,11.495
1987-08,24.4,28.1,21.6,8,1987,Summer,-0.14,-0.7,-0.71,0.06,11.844999999999999
1987-09,20.1,25.2,15.6,9,1987,Autumn,-0.14,-0.7,-0.71,0.06,10.08
1987-10,15.5,20.6,10.9,10,1987,Autumn,-0.14,-0.7,-0.71,0.06,7.78
1987-11,7.5,12.0,3.3,11,1987,Autumn,-0.14,-0.7,-0.71,0.06,3.78
1987-12,0.9,4.9,-2.6,12,1987,Winter,-0.14,-0.7,-0.71,0.06,0.38
1988-01,-2.1,1.9,-5.7,1,1988,Winter,0.22,-0.01,0.03,-0.4,-0.9400000000000001
1988-02,-1.5,3.2,-5.3,2,1988,Winter,0.22,-0.01,0.03,-0.4,-0.64
1988-03,4.3,8.8,0.1,3,1988,Spring,0.22,-0.01,0.03,-0.4,2.145
1988-04,11.3,16.6,6.7,4,1988,Spring,0.22,-0.01,0.03,-0.4,5.6450000000000005
1988-05,17.9,23.4,13.0,5,1988,Spring,0.22,-0.01,0.03,-0.4,8.944999999999999
1988-06,22.3,27.3,18.2,6,1988,Summer,0.22,-0.01,0.03,-0.4,11.165000000000001
1988-07,24.4,27.8,21.6,7,1988,Summer,0.22,-0.01,0.03,-0.4,12.215
1988-08,26.4,31.0,22.8,8,1988,Summer,0.22,-0.01,0.03,-0.4,13.215
1988-09,21.4,26.5,16.9,9,1988,Autumn,0.22,-0.01,0.03,-0.4,10.5
1988-10,15.0,20.6,9.8,10,1988,Autumn,0.22,-0.01,0.03,-0.4,7.3
1988-11,5.5,10.6,1.2,11,1988,Autumn,0.22,-0.01,0.03,-0.4,2.55
1988-12,0.1,4.3,-3.7,12,1988,Winter,0.22,-0.01,0.03,-0.4,0.16
1989-01,0.8,3.9,-2.3,1,1989,Winter,0.4,0.12,-0.02,-0.37,0.6000000000000001
1989-02,2.4,7.1,-1.3,2,1989,Winter,0.4,0.12,-0.02,-0.37,1.4
1989-03,6.1,10.7,2.3,3,1989,Spring,0.4,0.12,-0.02,-0.37,3.11
1989-04,14.3,20.5,8.8,4,1989,Spring,0.4,0.12,-0.02,-0.37,7.21
1989-05,17.9,23.4,13.3,5,1989,Spring,0.4,0.12,-0.02,-0.37,9.01
1989-06,21.2,26.2,16.9,6,1989,Summer,0.4,0.12,-0.02,-0.37,10.59
1989-07,24.5,28.5,21.2,7,1989,Summer,0.4,0.12,-0.02,-0.37,12.24
1989-08,25.5,29.7,21.7,8,1989,Summer,0.4,0.12,-0.02,-0.37,12.74
1989-09,20.7,25.1,16.9,9,1989,Autumn,0.4,0.12,-0.02,-0.37,10.165
1989-10,13.6,18.8,9.0,10,1989,Autumn,0.4,0.12,-0.02,-0.37,6.615
1989-11,7.1,11.2,3.5,11,1989,Autumn,0.4,0.12,-0.02,-0.37,3.3649999999999998
1989-12,1.4,4.9,-1.9,12,1989,Winter,0.4,0.12,-0.02,-0.37,0.8999999999999999
1990-01,-3.2,0.2,-6.6,1,1990,Winter,0.64,-0.55,0.35,0.84,-1.28
1990-02,2.7,5.8,-0.1,2,1990,Winter,0.64,-0.55,0.35,0.84,1.6700000000000002
1990-03,7.2,11.5,3.6,3,1990,Spring,0.64,-0.55,0.35,0.84,3.325
1990-04,11.3,16.3,6.7,4,1990,Spring,0.64,-0.55,0.35,0.84,5.375
1990-05,16.2,21.0,12.2,5,1990,Spring,0.64,-0.55,0.35,0.84,7.824999999999999
1990-06,20.7,24.6,17.4,6,1990,Summer,0.64,-0.55,0.35,0.84,10.525
1990-07,24.9,28.4,22.0,7,1990,Summer,0.64,-0.55,0.35,0.84,12.625
1990-08,26.4,30.9,22.8,8,1990,Summer,0.64,-0.55,0.35,0.84,13.375
1990-09,21.1,25.7,17.0,9,1990,Autumn,0.64,-0.55,0.35,0.84,10.97
1990-10,15.4,21.3,10.3,10,1990,Autumn,0.64,-0.55,0.35,0.84,8.120000000000001
1990-11,10.0,14.6,5.8,11,1990,Autumn,0.64,-0.55,0.35,0.84,5.42
1990-12,0.8,4.8,-3.0,12,1990,Winter,0.64,-0.55,0.35,0.84,0.72
1991-01,-2.6,1.6,-6.3,1,1991,Winter,0.33,-0.31,-0.6,-0.19,-1.135
1991-02,-0.9,3.1,-4.6,2,1991,Winter,0.33,-0.31,-0.6,-0.19,-0.28500000000000003
1991-03,4.9,9.6,0.7,3,1991,Spring,0.33,-0.31,-0.6,-0.19,2.2950000000000004
1991-04,13.0,19.1,7.6,4,1991,Spring,0.33,-0.31,-0.6,-0.19,6.345
1991-05,17.5,22.8,12.7,5,1991,Spring,0.33,-0.31,-0.6,-0.19,8.595
1991-06,22.6,27.6,18.3,6,1991,Summer,0.33,-0.31,-0.6,-0.19,11.0
1991-07,24.3,27.8,21.4,7,1991,Summer,0.33,-0.31,-0.6,-0.19,11.85
1991-08,25.5,30.0,21.6,8,1991,Summer,0.33,-0.31,-0.6,-0.19,12.45
1991-09,21.1,25.5,17.3,9,1991,Autumn,0.33,-0.31,-0.6,-0.19,10.455
1991-10,13.8,19.5,8.8,10,1991,Autumn,0.33,-0.31,-0.6,-0.19,6.805000000000001
1991-11,6.5,10.9,2.1,11,1991,Autumn,0.33,-0.31,-0.6,-0.19,3.155
1991-12,2.2,5.9,-1.5,12,1991,Winter,0.33,-0.31,-0.6,-0.19,1.2650000000000001
1992-01,-0.2,3.4,-3.4,1,1992,Winter,1.11,0.11,-0.59,-0.95,0.45500000000000007
1992-02,0.7,5.0,-3.3,2,1992,Winter,1.11,0.11,-0.59,-0.95,0.905
1992-03,7.6,12.2,3.5,3,1992,Spring,1.11,0.11,-0.59,-0.95,3.855
1992-04,12.0,17.5,7.1,4,1992,Spring,1.11,0.11,-0.59,-0.95,6.055
1992-05,16.4,21.9,11.7,5,1992,Spring,1.11,0.11,-0.59,-0.95,8.254999999999999
1992-06,20.9,26.0,16.4,6,1992,Summer,1.11,0.11,-0.59,-0.95,10.155
1992-07,24.8,28.4,22.0,7,1992,Summer,1.11,0.11,-0.59,-0.95,12.105
1992-08,24.8,28.9,21.4,8,1992,Summer,1.11,0.11,-0.59,-0.95,12.105
1992-09,20.9,25.1,16.9,9,1992,Autumn,1.11,0.11,-0.59,-0.95,9.975
1992-10,14.0,18.9,9.7,10,1992,Autumn,1.11,0.11,-0.59,-0.95,6.525
1992-11,6.2,10.8,2.1,11,1992,Autumn,1.11,0.11,-0.59,-0.95,2.625
1992-12,1.5,5.1,-2.0,12,1992,Winter,1.11,0.11,-0.59,-0.95,1.3050000000000002
1993-01,-1.9,1.9,-5.5,1,1993,Winter,-0.12,-1.21,-0.98,-0.54,-1.01
1993-02,1.0,5.3,-2.9,2,1993,Winter,-0.12,-1.21,-0.98,-0.54,0.44
1993-03,5.8,10.5,1.9,3,1993,Spring,-0.12,-1.21,-0.98,-0.54,2.295
1993-04,10.6,15.8,6.3,4,1993,Spring,-0.12,-1.21,-0.98,-0.54,4.695
1993-05,18.2,23.8,13.3,5,1993,Spring,-0.12,-1.21,-0.98,-0.54,8.495
1993-06,21.3,25.8,17.8,6,1993,Summer,-0.12,-1.21,-0.98,-0.54,10.16
1993-07,23.3,27.6,19.8,7,1993,Summer,-0.12,-1.21,-0.98,-0.54,11.16
1993-08,23.2,27.5,19.8,8,1993,Summer,-0.12,-1.21,-0.98,-0.54,11.11
1993-09,21.2,26.3,16.9,9,1993,Autumn,-0.12,-1.21,-0.98,-0.54,10.33
1993-10,13.4,19.3,8.3,10,1993,Autumn,-0.12,-1.21,-0.98,-0.54,6.43
1993-11,8.5,12.5,5.2,11,1993,Autumn,-0.12,-1.21,-0.98,-0.54,3.98
1993-12,-0.2,3.8,-3.8,12,1993,Winter,-0.12,-1.21,-0.98,-0.54,-0.16
1994-01,-0.9,3.1,-4.7,1,1994,Winter,-0.52,-0.62,0.31,0.1,-0.71
1994-02,0.8,5.8,-3.2,2,1994,Winter,-0.52,-0.62,0.31,0.1,0.14
1994-03,4.0,8.9,-0.1,3,1994,Spring,-0.52,-0.62,0.31,0.1,1.69
1994-04,15.2,21.4,10.0,4,1994,Spring,-0.52,-0.62,0.31,0.1,7.29
1994-05,17.9,23.1,13.4,5,1994,Spring,-0.52,-0.62,0.31,0.1,8.639999999999999
1994-06,22.8,28.2,18.1,6,1994,Summer,-0.52,-0.62,0.31,0.1,11.555
1994-07,28.5,32.6,25.3,7,1994,Summer,-0.52,-0.62,0.31,0.1,14.405
1994-08,27.6,31.9,24.4,8,1994,Summer,-0.52,-0.62,0.31,0.1,13.955
1994-09,21.0,26.1,16.7,9,1994,Autumn,-0.52,-0.62,0.31,0.1,10.55
1994-10,15.2,20.3,11.3,10,1994,Autumn,-0.52,-0.62,0.31,0.1,7.6499999999999995
1994-11,9.3,13.6,5.4,11,1994,Autumn,-0.52,-0.62,0.31,0.1,4.7
1994-12,1.1,4.7,-2.4,12,1994,Winter,-0.52,-0.62,0.31,0.1,0.29000000000000004
1995-01,-2.1,1.8,-5.7,1,1995,Winter,0.52,-0.41,-0.03,-0.68,-0.79
1995-02,1.2,6.0,-2.8,2,1995,Winter,0.52,-0.41,-0.03,-0.68,0.86
1995-03,6.0,10.3,2.2,3,1995,Spring,0.52,-0.41,-0.03,-0.68,2.795
1995-04,11.3,16.7,6.5,4,1995,Spring,0.52,-0.41,-0.03,-0.68,5.445
1995-05,17.1,22.1,12.1,5,1995,Spring,0.52,-0.41,-0.03,-0.68,8.345
1995-06,21.6,26.3,17.5,6,1995,Summer,0.52,-0.41,-0.03,-0.68,10.785
1995-07,24.5,27.8,21.7,7,1995,Summer,0.52,-0.41,-0.03,-0.68,12.235
1995-08,26.0,29.2,23.4,8,1995,Summer,0.52,-0.41,-0.03,-0.68,12.985
1995-09,20.0,24.5,15.7,9,1995,Autumn,0.52,-0.41,-0.03,-0.68,9.66
1995-10,15.5,20.6,10.7,10,1995,Autumn,0.52,-0.41,-0.03,-0.68,7.41
1995-11,6.2,11.5,1.8,11,1995,Autumn,0.52,-0.41,-0.03,-0.68,2.7600000000000002
1995-12,-1.0,3.0,-4.4,12,1995,Winter,0.52,-0.41,-0.03,-0.68,-0.24
1996-01,-2.2,2.3,-5.6,1,1996,Winter,0.3,-0.44,0.28,-0.24,-0.9500000000000001
1996-02,-1.6,3.2,-5.5,2,1996,Winter,0.3,-0.44,0.28,-0.24,-0.65
1996-03,4.9,9.5,1.0,3,1996,Spring,0.3,-0.44,0.28,-0.24,2.23
1996-04,10.2,15.1,5.9,4,1996,Spring,0.3,-0.44,0.28,-0.24,4.88
1996-05,18.4,24.2,13.3,5,1996,Spring,0.3,-0.44,0.28,-0.24,8.979999999999999
1996-06,22.3,26.5,19.1,6,1996,Summer,0.3,-0.44,0.28,-0.24,11.290000000000001
1996-07,24.4,28.3,21.2,7,1996,Summer,0.3,-0.44,0.28,-0.24,12.34
1996-08,26.0,29.8,22.9,8,1996,Summer,0.3,-0.44,0.28,-0.24,13.14
1996-09,22.0,27.3,17.5,9,1996,Autumn,0.3,-0.44,0.28,-0.24,10.88
1996-10,14.5,19.4,10.0,10,1996,Autumn,0.3,-0.44,0.28,-0.24,7.13
1996-11,6.1,10.3,2.4,11,1996,Autumn,0.3,-0.44,0.28,-0.24,2.9299999999999997
1996-12,1.6,6.0,-2.5,12,1996,Winter,0.3,-0.44,0.28,-0.24,0.9500000000000001
1997-01,-3.3,1.2,-7.1,1,1997,Winter,0.1,1.1,1.15,0.8,-1.5999999999999999
1997-02,0.7,5.6,-3.5,2,1997,Winter,0.1,1.1,1.15,0.8,0.39999999999999997
1997-03,6.8,11.8,2.5,3,1997,Spring,0.1,1.1,1.15,0.8,3.95
1997-04,13.0,18.1,8.4,4,1997,Spring,0.1,1.1,1.15,0.8,7.05
1997-05,17.0,21.5,12.9,5,1997,Spring,0.1,1.1,1.15,0.8,9.05
1997-06,23.4,28.5,18.9,6,1997,Summer,0.1,1.1,1.15,0.8,12.274999999999999
1997-07,26.1,30.1,22.8,7,1997,Summer,0.1,1.1,1.15,0.8,13.625
1997-08,26.8,31.3,23.2,8,1997,Summer,0.1,1.1,1.15,0.8,13.975
1997-09,20.2,25.4,15.7,9,1997,Autumn,0.1,1.1,1.15,0.8,10.5
1997-10,13.4,19.0,8.2,10,1997,Autumn,0.1,1.1,1.15,0.8,7.1000000000000005
1997-11,8.8,13.7,4.6,11,1997,Autumn,0.1,1.1,1.15,0.8,4.800000000000001
1997-12,1.8,5.7,-1.8,12,1997,Winter,0.1,1.1,1.15,0.8,0.9500000000000001
1998-01,-1.3,2.8,-4.7,1,1998,Winter,1.67,0.01,0.04,0.13,0.18499999999999994
1998-02,3.4,7.8,-0.6,2,1998,Winter,1.67,0.01,0.04,0.13,2.535
1998-03,7.3,12.5,2.8,3,1998,Spring,1.67,0.01,0.04,0.13,3.655
1998-04,15.6,20.9,11.1,4,1998,Spring,1.67,0.01,0.04,0.13,7.805
1998-05,19.0,24.3,14.0,5,1998,Spring,1.67,0.01,0.04,0.13,9.505
1998-06,21.9,26.4,18.0,6,1998,Summer,1.67,0.01,0.04,0.13,10.969999999999999
1998-07,24.9,28.6,21.9,7,1998,Summer,1.67,0.01,0.04,0.13,12.469999999999999
1998-08,25.0,28.8,22.1,8,1998,Summer,1.67,0.01,0.04,0.13,12.52
1998-09,23.0,27.8,19.0,9,1998,Autumn,1.67,0.01,0.04,0.13,11.565
1998-10,17.0,22.0,12.7,10,1998,Autumn,1.67,0.01,0.04,0.13,8.565
1998-11,7.3,12.2,3.3,11,1998,Autumn,1.67,0.01,0.04,0.13,3.715
1998-12,2.3,6.6,-1.7,12,1998,Winter,1.67,0.01,0.04,0.13,1.9849999999999999
1999-01,-0.8,3.5,-4.7,1,1999,Winter,0.7,0.37,-0.09,-0.37,-0.050000000000000044
1999-02,0.7,5.0,-3.1,2,1999,Winter,0.7,0.37,-0.09,-0.37,0.7
1999-03,6.7,11.7,1.6,3,1999,Spring,0.7,0.37,-0.09,-0.37,3.535
1999-04,13.9,19.3,8.7,4,1999,Spring,0.7,0.37,-0.09,-0.37,7.135
1999-05,17.5,22.7,12.4,5,1999,Spring,0.7,0.37,-0.09,-0.37,8.935
1999-06,23.1,28.3,18.5,6,1999,Summer,0.7,0.37,-0.09,-0.37,11.505
1999-07,25.9,30.0,22.3,7,1999,Summer,0.7,0.37,-0.09,-0.37,12.905
1999-08,26.0,30.2,22.3,8,1999,Summer,0.7,0.37,-0.09,-0.37,12.955
1999-09,22.9,27.0,19.4,9,1999,Autumn,0.7,0.37,-0.09,-0.37,11.264999999999999
1999-10,14.3,19.1,10.0,10,1999,Autumn,0.7,0.37,-0.09,-0.37,6.965000000000001
1999-11,7.9,12.6,3.8,11,1999,Autumn,0.7,0.37,-0.09,-0.37,3.765
1999-12,0.4,4.4,-3.4,12,1999,Winter,0.7,0.37,-0.09,-0.37,0.55
2000-01,-2.1,1.7,-5.7,1,2000,Winter,-0.17,-0.53,-0.66,-0.82,-1.135
2000-02,-1.7,2.6,-5.8,2,2000,Winter,-0.17,-0.53,-0.66,-0.82,-0.9349999999999999
2000-03,6.3,11.4,1.7,3,2000,Spring,-0.17,-0.53,-0.66,-0.82,2.885
2000-04,11.9,16.9,7.3,4,2000,Spring,-0.17,-0.53,-0.66,-0.82,5.6850000000000005
2000-05,17.5,22.7,12.9,5,2000,Spring,-0.17,-0.53,-0.66,-0.82,8.485
2000-06,23.7,29.2,19.1,6,2000,Summer,-0.17,-0.53,-0.66,-0.82,11.52
2000-07,26.8,31.0,23.1,7,2000,Summer,-0.17,-0.53,-0.66,-0.82,13.07
2000-08,26.2,30.0,22.9,8,2000,Summer,-0.17,-0.53,-0.66,-0.82,12.77
2000-09,20.7,24.8,17.1,9,2000,Autumn,-0.17,-0.53,-0.66,-0.82,9.94
2000-10,14.9,19.2,10.7,10,2000,Autumn,-0.17,-0.53,-0.66,-0.82,7.04
2000-11,7.0,11.1,2.7,11,2000,Autumn,-0.17,-0.53,-0.66,-0.82,3.09
2000-12,0.9,4.9,-2.9,12,2000,Winter,-0.17,-0.53,-0.66,-0.82,0.365
2001-01,-4.1,-0.8,-7.8,1,2001,Winter,-0.73,-0.53,1.76,-0.55,-2.415
2001-02,-0.3,3.7,-3.7,2,2001,Winter,-0.73,-0.53,1.76,-0.55,-0.515
2001-03,5.0,9.6,0.9,3,2001,Spring,-0.73,-0.53,1.76,-0.55,2.235
2001-04,13.6,19.2,8.7,4,2001,Spring,-0.73,-0.53,1.76,-0.55,6.535
2001-05,19.1,24.7,14.8,5,2001,Spring,-0.73,-0.53,1.76,-0.55,9.285
2001-06,22.5,27.1,19.2,6,2001,Summer,-0.73,-0.53,1.76,-0.55,12.13
2001-07,25.9,29.9,22.9,7,2001,Summer,-0.73,-0.53,1.76,-0.55,13.83
2001-08,26.5,30.8,22.8,8,2001,Summer,-0.73,-0.53,1.76,-0.55,14.13
2001-09,22.5,27.5,17.9,9,2001,Autumn,-0.73,-0.53,1.76,-0.55,10.975
2001-10,16.5,21.0,12.4,10,2001,Autumn,-0.73,-0.53,1.76,-0.55,7.975
2001-11,7.0,11.5,2.9,11,2001,Autumn,-0.73,-0.53,1.76,-0.55,3.225
2001-12,-0.6,3.4,-4.0,12,2001,Winter,-0.73,-0.53,1.76,-0.55,-0.665
2002-01,0.3,3.9,-2.9,1,2002,Winter,-0.73,0.09,-0.69,-0.93,-0.215
2002-02,2.9,7.1,-0.8,2,2002,Winter,-0.73,0.09,-0.69,-0.93,1.085
2002-03,7.6,12.4,3.6,3,2002,Spring,-0.73,0.09,-0.69,-0.93,3.8449999999999998
2002-04,13.6,18.6,8.8,4,2002,Spring,-0.73,0.09,-0.69,-0.93,6.845
2002-05,18.2,23.5,13.3,5,2002,Spring,-0.73,0.09,-0.69,-0.93,9.145
2002-06,22.2,27.3,17.9,6,2002,Summer,-0.73,0.09,-0.69,-0.93,10.754999999999999
2002-07,25.2,28.8,22.2,7,2002,Summer,-0.73,0.09,-0.69,-0.93,12.254999999999999
2002-08,24.2,27.5,21.4,8,2002,Summer,-0.73,0.09,-0.69,-0.93,11.754999999999999
2002-09,21.6,26.1,17.8,9,2002,Autumn,-0.73,0.09,-0.69,-0.93,10.335
2002-10,12.8,17.7,8.8,10,2002,Autumn,-0.73,0.09,-0.69,-0.93,5.9350000000000005
2002-11,4.0,8.0,0.3,11,2002,Autumn,-0.73,0.09,-0.69,-0.93,1.535
2002-12,1.7,5.3,-1.6,12,2002,Winter,-0.73,0.09,-0.69,-0.93,0.485
2003-01,-2.5,1.1,-5.8,1,2003,Winter,-0.39,0.59,-1.09,-0.15,-1.445
2003-02,2.7,6.6,-0.7,2,2003,Winter,-0.39,0.59,-1.09,-0.15,1.155
2003-03,6.5,10.6,2.9,3,2003,Spring,-0.39,0.59,-1.09,-0.15,3.545
2003-04,13.2,17.9,9.0,4,2003,Spring,-0.39,0.59,-1.09,-0.15,6.895
2003-05,19.6,25.0,14.4,5,2003,Spring,-0.39,0.59,-1.09,-0.15,10.095
2003-06,21.5,25.8,18.0,6,2003,Summer,-0.39,0.59,-1.09,-0.15,10.205
2003-07,23.8,27.7,20.7,7,2003,Summer,-0.39,0.59,-1.09,-0.15,11.355
2003-08,24.1,27.6,21.3,8,2003,Summer,-0.39,0.59,-1.09,-0.15,11.505
2003-09,20.9,24.9,17.5,9,2003,Autumn,-0.39,0.59,-1.09,-0.15,10.375
2003-10,13.9,19.0,9.6,10,2003,Autumn,-0.39,0.59,-1.09,-0.15,6.875
2003-11,9.5,13.5,5.9,11,2003,Autumn,-0.39,0.59,-1.09,-0.15,4.675
2003-12,0.7,4.4,-2.8,12,2003,Winter,-0.39,0.59,-1.09,-0.15,0.15499999999999997
2004-01,-1.5,2.1,-4.9,1,2004,Winter,-0.35,-0.04,0.48,0.51,-0.925
2004-02,2.3,6.9,-1.6,2,2004,Winter,-0.35,-0.04,0.48,0.51,0.9749999999999999
2004-03,6.3,11.1,2.1,3,2004,Spring,-0.35,-0.04,0.48,0.51,3.13
2004-04,13.1,18.3,8.5,4,2004,Spring,-0.35,-0.04,0.48,0.51,6.53
2004-05,17.6,22.2,13.7,5,2004,Spring,-0.35,-0.04,0.48,0.51,8.780000000000001
2004-06,23.2,27.7,19.3,6,2004,Summer,-0.35,-0.04,0.48,0.51,11.84
2004-07,24.8,27.7,22.3,7,2004,Summer,-0.35,-0.04,0.48,0.51,12.64
2004-08,26.1,30.2,22.8,8,2004,Summer,-0.35,-0.04,0.48,0.51,13.290000000000001
2004-09,21.7,26.3,17.8,9,2004,Autumn,-0.35,-0.04,0.48,0.51,11.105
2004-10,15.2,20.8,10.3,10,2004,Autumn,-0.35,-0.04,0.48,0.51,7.8549999999999995
2004-11,9.1,13.4,5.3,11,2004,Autumn,-0.35,-0.04,0.48,0.51,4.805
2004-12,1.9,5.8,-1.4,12,2004,Winter,-0.35,-0.04,0.48,0.51,0.7749999999999999
2005-01,-2.5,1.5,-6.2,1,2005,Winter,-0.85,-0.08,0.32,-0.17,-1.675
2005-02,-1.9,2.2,-5.5,2,2005,Winter,-0.85,-0.08,0.32,-0.17,-1.375
2005-03,4.1,8.8,0.2,3,2005,Spring,-0.85,-0.08,0.32,-0.17,2.01
2005-04,13.2,18.1,8.9,4,2005,Spring,-0.85,-0.08,0.32,-0.17,6.56
2005-05,17.7,22.9,13.0,5,2005,Spring,-0.85,-0.08,0.32,-0.17,8.81
2005-06,22.7,27.3,19.1,6,2005,Summer,-0.85,-0.08,0.32,-0.17,11.51
2005-07,25.3,28.8,22.7,7,2005,Summer,-0.85,-0.08,0.32,-0.17,12.81
2005-08,25.1,28.7,22.4,8,2005,Summer,-0.85,-0.08,0.32,-0.17,12.71
2005-09,21.8,25.7,18.6,9,2005,Autumn,-0.85,-0.08,0.32,-0.17,10.815
2005-10,14.7,19.4,10.7,10,2005,Autumn,-0.85,-0.08,0.32,-0.17,7.265
2005-11,8.6,12.9,4.6,11,2005,Autumn,-0.85,-0.08,0.32,-0.17,4.215
2005-12,-3.9,-0.1,-7.4,12,2005,Winter,-0.85,-0.08,0.32,-0.17,-2.375
2006-01,-0.2,3.4,-3.3,1,2006,Winter,-0.96,-1.24,-0.63,0.41,-0.58
2006-02,0.1,4.2,-4.0,2,2006,Winter,-0.96,-1.24,-0.63,0.41,-0.43
2006-03,5.2,9.9,0.9,3,2006,Spring,-0.96,-1.24,-0.63,0.41,1.98
2006-04,11.6,16.2,7.7,4,2006,Spring,-0.96,-1.24,-0.63,0.41,5.18
2006-05,18.4,23.4,14.0,5,2006,Spring,-0.96,-1.24,-0.63,0.41,8.58
2006-06,21.8,26.3,18.1,6,2006,Summer,-0.96,-1.24,-0.63,0.41,10.585
2006-07,23.1,26.0,20.9,7,2006,Summer,-0.96,-1.24,-0.63,0.41,11.235000000000001
2006-08,27.0,31.1,23.9,8,2006,Summer,-0.96,-1.24,-0.63,0.41,13.185
2006-09,21.1,25.7,16.9,9,2006,Autumn,-0.96,-1.24,-0.63,0.41,10.755
2006-10,17.9,22.6,13.9,10,2006,Autumn,-0.96,-1.24,-0.63,0.41,9.155
2006-11,8.4,12.4,4.5,11,2006,Autumn,-0.96,-1.24,-0.63,0.41,4.405
2006-12,1.4,5.4,-2.0,12,2006,Winter,-0.96,-1.24,-0.63,0.41,0.21999999999999997
2007-01,0.4,4.1,-2.8,1,2007,Winter,0.12,0.37,-0.1,0.39,0.26
2007-02,4.0,8.7,0.1,2,2007,Winter,0.12,0.37,-0.1,0.39,2.06
2007-03,6.1,10.3,2.3,3,2007,Spring,0.12,0.37,-0.1,0.39,3.235
2007-04,11.4,16.1,7.5,4,2007,Spring,0.12,0.37,-0.1,0.39,5.885
2007-05,18.1,23.4,13.6,5,2007,Spring,0.12,0.37,-0.1,0.39,9.235000000000001
2007-06,23.2,27.7,19.2,6,2007,Summer,0.12,0.37,-0.1,0.39,11.549999999999999
2007-07,24.2,27.8,21.3,7,2007,Summer,0.12,0.37,-0.1,0.39,12.049999999999999
2007-08,26.5,29.9,23.8,8,2007,Summer,0.12,0.37,-0.1,0.39,13.2
2007-09,21.5,25.1,18.6,9,2007,Autumn,0.12,0.37,-0.1,0.39,10.945
2007-10,15.1,19.6,11.3,10,2007,Autumn,0.12,0.37,-0.1,0.39,7.745
2007-11,6.7,11.4,2.8,11,2007,Autumn,0.12,0.37,-0.1,0.39,3.545
2007-12,1.8,5.4,-1.4,12,2007,Winter,0.12,0.37,-0.1,0.39,0.96
2008-01,-1.7,1.9,-5.0,1,2008,Winter,-0.28,-0.47,0.25,0.29,-0.99
2008-02,-1.2,3.2,-4.9,2,2008,Winter,-0.28,-0.47,0.25,0.29,-0.74
2008-03,7.3,11.9,3.7,3,2008,Spring,-0.28,-0.47,0.25,0.29,3.415
2008-04,14.1,19.5,9.3,4,2008,Spring,-0.28,-0.47,0.25,0.29,6.8149999999999995
2008-05,17.7,22.7,13.1,5,2008,Spring,-0.28,-0.47,0.25,0.29,8.615
2008-06,21.5,26.1,17.6,6,2008,Summer,-0.28,-0.47,0.25,0.29,10.875
2008-07,25.1,28.4,22.6,7,2008,Summer,-0.28,-0.47,0.25,0.29,12.675
2008-08,25.3,29.5,21.8,8,2008,Summer,-0.28,-0.47,0.25,0.29,12.775
2008-09,22.0,26.9,18.0,9,2008,Autumn,-0.28,-0.47,0.25,0.29,11.145
2008-10,16.1,21.0,12.1,10,2008,Autumn,-0.28,-0.47,0.25,0.29,8.195
2008-11,7.6,11.7,3.8,11,2008,Autumn,-0.28,-0.47,0.25,0.29,3.945
2008-12,1.1,5.0,-2.7,12,2008,Winter,-0.28,-0.47,0.25,0.29,0.41000000000000003
2009-01,-2.0,2.3,-5.5,1,2009,Winter,0.13,0.51,-1.1,0.25,-0.935
2009-02,2.9,6.8,-0.6,2,2009,Winter,0.13,0.51,-1.1,0.25,1.515
2009-03,6.0,10.6,1.8,3,2009,Spring,0.13,0.51,-1.1,0.25,3.255
2009-04,12.7,18.0,8.1,4,2009,Spring,0.13,0.51,-1.1,0.25,6.6049999999999995
2009-05,19.1,24.3,14.6,5,2009,Spring,0.13,0.51,-1.1,0.25,9.805000000000001
2009-06,22.4,26.7,18.8,6,2009,Summer,0.13,0.51,-1.1,0.25,10.649999999999999
2009-07,24.3,28.2,21.0,7,2009,Summer,0.13,0.51,-1.1,0.25,11.6
2009-08,25.7,29.5,22.4,8,2009,Summer,0.13,0.51,-1.1,0.25,12.299999999999999
2009-09,21.8,26.3,17.7,9,2009,Autumn,0.13,0.51,-1.1,0.25,11.025
2009-10,16.0,20.9,11.7,10,2009,Autumn,0.13,0.51,-1.1,0.25,8.125
2009-11,6.9,10.4,3.7,11,2009,Autumn,0.13,0.51,-1.1,0.25,3.575
2009-12,-1.0,2.5,-4.2,12,2009,Winter,0.13,0.51,-1.1,0.25,-0.435
2010-01,-4.5,-0.7,-8.1,1,2010,Winter,-0.61,-0.88,0.46,-0.41,-2.555
2010-02,1.4,4.9,-1.7,2,2010,Winter,-0.61,-0.88,0.46,-0.41,0.39499999999999996
2010-03,4.3,8.1,0.5,3,2010,Spring,-0.61,-0.88,0.46,-0.41,1.71
2010-04,9.5,14.0,5.6,4,2010,Spring,-0.61,-0.88,0.46,-0.41,4.31
2010-05,17.2,22.0,13.0,5,2010,Spring,-0.61,-0.88,0.46,-0.41,8.16
2010-06,23.4,28.2,19.3,6,2010,Summer,-0.61,-0.88,0.46,-0.41,11.93
2010-07,25.8,29.3,23.1,7,2010,Summer,-0.61,-0.88,0.46,-0.41,13.13
2010-08,26.5,30.0,23.8,8,2010,Summer,-0.61,-0.88,0.46,-0.41,13.48
2010-09,21.8,26.0,18.5,9,2010,Autumn,-0.61,-0.88,0.46,-0.41,10.695
2010-10,14.5,19.3,10.4,10,2010,Autumn,-0.61,-0.88,0.46,-0.41,7.045
2010-11,6.5,11.3,2.5,11,2010,Autumn,-0.61,-0.88,0.46,-0.41,3.045
2010-12,-1.3,3.1,-5.1,12,2010,Winter,-0.61,-0.88,0.46,-0.41,-0.9550000000000001
2011-01,-7.2,-3.4,-10.5,1,2011,Winter,-1.32,-1.18,-1.46,0.24,-4.26
2011-02,1.2,5.9,-2.5,2,2011,Winter,-1.32,-1.18,-1.46,0.24,-0.06000000000000005
2011-03,3.6,8.3,-0.1,3,2011,Spring,-1.32,-1.18,-1.46,0.24,1.21
2011-04,10.7,15.6,6.8,4,2011,Spring,-1.32,-1.18,-1.46,0.24,4.76
2011-05,17.9,23.0,13.6,5,2011,Spring,-1.32,-1.18,-1.46,0.24,8.36
2011-06,22.0,26.6,18.4,6,2011,Summer,-1.32,-1.18,-1.46,0.24,10.27
2011-07,24.6,28.0,22.0,7,2011,Summer,-1.32,-1.18,-1.46,0.24,11.57
2011-08,25.8,29.5,23.0,8,2011,Summer,-1.32,-1.18,-1.46,0.24,12.17
2011-09,21.8,26.6,17.7,9,2011,Autumn,-1.32,-1.18,-1.46,0.24,11.02
2011-10,14.2,19.3,9.7,10,2011,Autumn,-1.32,-1.18,-1.46,0.24,7.22
2011-11,10.7,14.7,7.2,11,2011,Autumn,-1.32,-1.18,-1.46,0.24,5.47
2011-12,-0.9,2.9,-4.1,12,2011,Winter,-1.32,-1.18,-1.46,0.24,-1.11
2012-01,-2.8,1.3,-6.3,1,2012,Winter,-0.01,0.6,0.08,-0.49,-1.4049999999999998
2012-02,-2.0,3.0,-6.0,2,2012,Winter,-0.01,0.6,0.08,-0.49,-1.005
2012-03,5.1,9.5,1.5,3,2012,Spring,-0.01,0.6,0.08,-0.49,2.8499999999999996
2012-04,12.3,17.9,7.8,4,2012,Spring,-0.01,0.6,0.08,-0.49,6.45
2012-05,19.7,25.1,15.4,5,2012,Spring,-0.01,0.6,0.08,-0.49,10.15
2012-06,24.1,29.7,20.0,6,2012,Summer,-0.01,0.6,0.08,-0.49,12.09
2012-07,25.4,29.0,22.4,7,2012,Summer,-0.01,0.6,0.08,-0.49,12.739999999999998
2012-08,27.1,30.9,23.9,8,2012,Summer,-0.01,0.6,0.08,-0.49,13.59
2012-09,21.0,25.0,17.4,9,2012,Autumn,-0.01,0.6,0.08,-0.49,10.255
2012-10,15.3,20.5,11.0,10,2012,Autumn,-0.01,0.6,0.08,-0.49,7.405
2012-11,5.5,9.5,1.8,11,2012,Autumn,-0.01,0.6,0.08,-0.49,2.505
2012-12,-4.1,-0.5,-7.4,12,2012,Winter,-0.01,0.6,0.08,-0.49,-2.0549999999999997
2013-01,-3.4,0.3,-6.6,1,2013,Winter,-0.24,-0.25,0.78,0.03,-1.8199999999999998
2013-02,-1.2,2.8,-4.9,2,2013,Winter,-0.24,-0.25,0.78,0.03,-0.72
2013-03,5.1,10.8,0.7,3,2013,Spring,-0.24,-0.25,0.78,0.03,2.425
2013-04,10.0,15.0,5.7,4,2013,Spring,-0.24,-0.25,0.78,0.03,4.875
2013-05,18.2,23.6,13.7,5,2013,Spring,-0.24,-0.25,0.78,0.03,8.975
2013-06,24.4,29.2,20.5,6,2013,Summer,-0.24,-0.25,0.78,0.03,12.59
2013-07,25.5,28.3,23.4,7,2013,Summer,-0.24,-0.25,0.78,0.03,13.14
2013-08,27.7,31.1,24.8,8,2013,Summer,-0.24,-0.25,0.78,0.03,14.24
2013-09,21.8,25.9,18.0,9,2013,Autumn,-0.24,-0.25,0.78,0.03,10.915000000000001
2013-10,15.8,21.2,10.9,10,2013,Autumn,-0.24,-0.25,0.78,0.03,7.915
2013-11,6.2,10.7,2.1,11,2013,Autumn,-0.24,-0.25,0.78,0.03,3.115
2013-12,-0.2,3.5,-3.5,12,2013,Winter,-0.24,-0.25,0.78,0.03,-0.22
2014-01,-0.7,3.5,-4.9,1,2014,Winter,-0.08,0.73,-0.72,0.52,-0.38999999999999996
2014-02,1.9,6.6,-1.8,2,2014,Winter,-0.08,0.73,-0.72,0.52,0.9099999999999999
2014-03,7.9,13.1,3.5,3,2014,Spring,-0.08,0.73,-0.72,0.52,4.315
2014-04,14.0,19.6,9.4,4,2014,Spring,-0.08,0.73,-0.72,0.52,7.365
2014-05,18.9,25.3,13.8,5,2014,Spring,-0.08,0.73,-0.72,0.52,9.815
2014-06,23.1,27.8,19.7,6,2014,Summer,-0.08,0.73,-0.72,0.52,11.190000000000001
2014-07,26.1,30.6,22.9,7,2014,Summer,-0.08,0.73,-0.72,0.52,12.690000000000001
2014-08,25.2,29.0,22.1,8,2014,Summer,-0.08,0.73,-0.72,0.52,12.24
2014-09,22.1,27.0,18.0,9,2014,Autumn,-0.08,0.73,-0.72,0.52,11.31
2014-10,15.6,21.4,10.7,10,2014,Autumn,-0.08,0.73,-0.72,0.52,8.06
2014-11,9.0,13.8,4.9,11,2014,Autumn,-0.08,0.73,-0.72,0.52,4.76
2014-12,-2.9,1.5,-6.7,12,2014,Winter,-0.08,0.73,-0.72,0.52,-1.49
2015-01,-0.9,3.6,-4.8,1,2015,Winter,-0.03,0.56,-0.17,0.68,-0.465
2015-02,1.0,6.0,-2.9,2,2015,Winter,-0.03,0.56,-0.17,0.68,0.485
2015-03,6.3,12.4,1.0,3,2015,Spring,-0.03,0.56,-0.17,0.68,3.4299999999999997
2015-04,13.3,18.8,8.4,4,2015,Spring,-0.03,0.56,-0.17,0.68,6.930000000000001
2015-05,18.9,24.9,13.6,5,2015,Spring,-0.03,0.56,-0.17,0.68,9.729999999999999
2015-06,23.6,29.5,18.9,6,2015,Summer,-0.03,0.56,-0.17,0.68,11.715
2015-07,25.8,30.0,22.6,7,2015,Summer,-0.03,0.56,-0.17,0.68,12.815
2015-08,26.3,30.8,22.8,8,2015,Summer,-0.03,0.56,-0.17,0.68,13.065
2015-09,22.4,28.1,17.5,9,2015,Autumn,-0.03,0.56,-0.17,0.68,11.54
2015-10,15.5,21.2,10.8,10,2015,Autumn,-0.03,0.56,-0.17,0.68,8.09
2015-11,8.9,12.7,5.9,11,2015,Autumn,-0.03,0.56,-0.17,0.68,4.79
2015-12,1.6,6.0,-2.1,12,2015,Winter,-0.03,0.56,-0.17,0.68,0.785
2016-01,-3.2,1.1,-6.8,1,2016,Winter,-0.12,0.4,0.89,0.11,-1.6600000000000001
2016-02,0.2,5.1,-4.1,2,2016,Winter,-0.12,0.4,0.89,0.11,0.04000000000000001
2016-03,7.0,12.6,2.4,3,2016,Spring,-0.12,0.4,0.89,0.11,3.7
2016-04,14.1,20.3,9.1,4,2016,Spring,-0.12,0.4,0.89,0.11,7.25
2016-05,19.6,25.7,14.1,5,2016,Spring,-0.12,0.4,0.89,0.11,10.0
2016-06,23.6,28.7,19.5,6,2016,Summer,-0.12,0.4,0.89,0.11,12.245000000000001
2016-07,26.2,29.8,23.3,7,2016,Summer,-0.12,0.4,0.89,0.11,13.545
2016-08,28.0,32.6,24.5,8,2016,Summer,-0.12,0.4,0.89,0.11,14.445
2016-09,23.1,27.9,19.3,9,2016,Autumn,-0.12,0.4,0.89,0.11,11.605
2016-10,16.1,21.3,11.6,10,2016,Autumn,-0.12,0.4,0.89,0.11,8.105
2016-11,6.8,11.6,2.8,11,2016,Autumn,-0.12,0.4,0.89,0.11,3.455
2016-12,1.2,5.8,-2.7,12,2016,Winter,-0.12,0.4,0.89,0.11,0.54
2017-01,-1.8,2.9,-5.8,1,2017,Winter,0.57,0.82,1.36,-0.29,-0.615
2017-02,-0.2,4.8,-4.7,2,2017,Winter,0.57,0.82,1.36,-0.29,0.18499999999999997
2017-03,6.3,12.3,1.7,3,2017,Spring,0.57,0.82,1.36,-0.29,3.56
2017-04,13.9,20.0,9.1,4,2017,Spring,0.57,0.82,1.36,-0.29,7.36
2017-05,19.5,25.4,14.4,5,2017,Spring,0.57,0.82,1.36,-0.29,10.16
2017-06,23.3,28.8,18.7,6,2017,Summer,0.57,0.82,1.36,-0.29,12.33
2017-07,26.9,30.4,24.3,7,2017,Summer,0.57,0.82,1.36,-0.29,14.129999999999999
2017-08,25.9,29.7,22.9,8,2017,Summer,0.57,0.82,1.36,-0.29,13.629999999999999
2017-09,22.1,27.4,17.5,9,2017,Autumn,0.57,0.82,1.36,-0.29,10.905000000000001
2017-10,16.4,22.5,11.6,10,2017,Autumn,0.57,0.82,1.36,-0.29,8.055
2017-11,5.6,10.5,1.3,11,2017,Autumn,0.57,0.82,1.36,-0.29,2.655
2017-12,-1.9,2.2,-5.7,12,2017,Winter,0.57,0.82,1.36,-0.29,-0.665
2018-01,-4.0,0.1,-7.3,1,2018,Winter,-1.05,-0.02,1.3,0.36,-2.525
2018-02,-1.6,3.3,-5.9,2,2018,Winter,-1.05,-0.02,1.3,0.36,-1.3250000000000002
2018-03,8.1,13.6,3.8,3,2018,Spring,-1.05,-0.02,1.3,0.36,4.04
2018-04,13.0,18.5,8.1,4,2018,Spring,-1.05,-0.02,1.3,0.36,6.49
2018-05,18.2,23.3,13.4,5,2018,Spring,-1.05,-0.02,1.3,0.36,9.09
2018-06,23.1,28.4,18.9,6,2018,Summer,-1.05,-0.02,1.3,0.36,12.200000000000001
2018-07,27.8,32.1,24.2,7,2018,Summer,-1.05,-0.02,1.3,0.36,14.55
2018-08,28.8,33.3,25.2,8,2018,Summer,-1.05,-0.02,1.3,0.36,15.05
2018-09,21.5,26.0,17.6,9,2018,Autumn,-1.05,-0.02,1.3,0.36,10.93
2018-10,13.1,18.6,8.5,10,2018,Autumn,-1.05,-0.02,1.3,0.36,6.7299999999999995
2018-11,7.8,13.2,3.6,11,2018,Autumn,-1.05,-0.02,1.3,0.36,4.08
2018-12,-0.6,4.1,-4.7,12,2018,Winter,-1.05,-0.02,1.3,0.36,-0.825
2019-01,-0.9,4.1,-5.1,1,2019,Winter,0.18,0.52,0.21,0.81,-0.36
2019-02,1.0,6.0,-3.2,2,2019,Winter,0.18,0.52,0.21,0.81,0.59
2019-03,7.1,12.4,2.7,3,2019,Spring,0.18,0.52,0.21,0.81,3.8099999999999996
2019-04,12.1,17.6,7.2,4,2019,Spring,0.18,0.52,0.21,0.81,6.31
2019-05,19.4,25.6,13.7,5,2019,Spring,0.18,0.52,0.21,0.81,9.959999999999999
2019-06,22.5,27.7,18.1,6,2019,Summer,0.18,0.52,0.21,0.81,11.355
2019-07,25.9,30.1,22.7,7,2019,Summer,0.18,0.52,0.21,0.81,13.055
2019-08,27.2,31.6,23.6,8,2019,Summer,0.18,0.52,0.21,0.81,13.705
2019-09,22.6,27.1,19.0,9,2019,Autumn,0.18,0.52,0.21,0.81,11.705
2019-10,16.4,21.8,11.8,10,2019,Autumn,0.18,0.52,0.21,0.81,8.604999999999999
2019-11,7.6,12.9,3.1,11,2019,Autumn,0.18,0.52,0.21,0.81,4.205
2019-12,1.4,5.3,-2.6,12,2019,Winter,0.18,0.52,0.21,0.81,0.7899999999999999
2020-01,1.6,5.9,-1.7,1,2020,Winter,1.3,0.39,-0.58,0.73,1.4500000000000002
2020-02,2.5,7.2,-1.3,2,2020,Winter,1.3,0.39,-0.58,0.73,1.9
2020-03,7.7,13.3,2.6,3,2020,Spring,1.3,0.39,-0.58,0.73,4.045
2020-04,11.1,16.6,6.3,4,2020,Spring,1.3,0.39,-0.58,0.73,5.745
2020-05,18.0,23.3,13.7,5,2020,Spring,1.3,0.39,-0.58,0.73,9.195
2020-06,23.9,29.0,19.9,6,2020,Summer,1.3,0.39,-0.58,0.73,11.66
2020-07,24.1,28.0,21.1,7,2020,Summer,1.3,0.39,-0.58,0.73,11.760000000000002
2020-08,26.5,29.3,24.4,8,2020,Summer,1.3,0.39,-0.58,0.73,12.96
2020-09,21.4,25.6,18.0,9,2020,Autumn,1.3,0.39,-0.58,0.73,11.065
2020-10,14.3,19.5,9.6,10,2020,Autumn,1.3,0.39,-0.58,0.73,7.515000000000001
2020-11,8.0,12.6,4.0,11,2020,Autumn,1.3,0.39,-0.58,0.73,4.365
2020-12,-0.3,3.9,-4.2,12,2020,Winter,1.3,0.39,-0.58,0.73,0.5
2021-01,-2.4,2.2,-6.8,1,2021,Winter,0.51,0.86,1.36,1.44,-0.945
2021-02,2.7,7.9,-2.2,2,2021,Winter,0.51,0.86,1.36,1.44,1.605
2021-03,9.0,14.8,4.3,3,2021,Spring,0.51,0.86,1.36,1.44,4.93
2021-04,14.2,19.5,9.5,4,2021,Spring,0.51,0.86,1.36,1.44,7.529999999999999
2021-05,17.1,21.9,12.8,5,2021,Spring,0.51,0.86,1.36,1.44,8.98
2021-06,22.8,27.6,18.9,6,2021,Summer,0.51,0.86,1.36,1.44,12.08
2021-07,28.1,32.2,24.6,7,2021,Summer,0.51,0.86,1.36,1.44,14.73
2021-08,25.9,29.7,22.8,8,2021,Summer,0.51,0.86,1.36,1.44,13.629999999999999
2021-09,22.6,26.9,18.8,9,2021,Autumn,0.51,0.86,1.36,1.44,12.020000000000001
2021-10,15.6,20.5,11.6,10,2021,Autumn,0.51,0.86,1.36,1.44,8.52
2021-11,8.2,13.1,4.0,11,2021,Autumn,0.51,0.86,1.36,1.44,4.819999999999999
2021-12,0.6,5.1,-3.5,12,2021,Winter,0.51,0.86,1.36,1.44,0.5549999999999999
2022-01,-2.2,2.6,-6.2,1,2022,Winter,0.33,0.98,0.58,0.09,-0.935
2022-02,-1.1,3.8,-5.3,2,2022,Winter,0.33,0.98,0.58,0.09,-0.385
2022-03,7.7,12.7,3.2,3,2022,Spring,0.33,0.98,0.58,0.09,4.34
2022-04,14.8,20.6,10.0,4,2022,Spring,0.33,0.98,0.58,0.09,7.890000000000001
2022-05,19.1,25.0,13.9,5,2022,Spring,0.33,0.98,0.58,0.09,10.040000000000001
2022-06,23.3,27.5,19.8,6,2022,Summer,0.33,0.98,0.58,0.09,11.94
2022-07,27.3,31.0,24.2,7,2022,Summer,0.33,0.98,0.58,0.09,13.94
2022-08,25.7,28.9,23.1,8,2022,Summer,0.33,0.98,0.58,0.09,13.139999999999999
2022-09,22.4,27.2,18.2,9,2022,Autumn,0.33,0.98,0.58,0.09,11.245
2022-10,14.6,19.7,10.3,10,2022,Autumn,0.33,0.98,0.58,0.09,7.345
2022-11,10.0,15.4,5.6,11,2022,Autumn,0.33,0.98,0.58,0.09,5.045
2022-12,-2.8,1.7,-6.6,12,2022,Winter,0.33,0.98,0.58,0.09,-1.2349999999999999
2023-01,-1.5,3.2,-5.7,1,2023,Winter,0.82,0.83,1.49,1.1,-0.34
2023-02,2.3,7.3,-1.9,2,2023,Winter,0.82,0.83,1.49,1.1,1.5599999999999998
2023-03,9.8,16.2,4.2,3,2023,Spring,0.82,0.83,1.49,1.1,5.315
2023-04,13.8,19.0,8.8,4,2023,Spring,0.82,0.83,1.49,1.1,7.315
2023-05,19.5,25.0,14.6,5,2023,Spring,0.82,0.83,1.49,1.1,10.165
2023-06,23.4,27.9,19.7,6,2023,Summer,0.82,0.83,1.49,1.1,12.444999999999999
2023-07,26.7,30.2,23.9,7,2023,Summer,0.82,0.83,1.49,1.1,14.094999999999999
2023-08,27.2,30.8,24.3,8,2023,Summer,0.82,0.83,1.49,1.1,14.344999999999999
2023-09,23.7,27.6,20.2,9,2023,Autumn,0.82,0.83,1.49,1.1,12.4
2023-10,15.8,21.0,11.5,10,2023,Autumn,0.82,0.83,1.49,1.1,8.450000000000001
2023-11,6.8,11.5,2.9,11,2023,Autumn,0.82,0.83,1.49,1.1,3.95
2023-12,1.1,5.2,-2.5,12,2023,Winter,0.82,0.83,1.49,1.1,0.96
2024-01,-0.5,3.6,-3.9,1,2024,Winter,,,,,
2024-02,3.8,8.2,0.2,2,2024,Winter,,,,,
2024-03,7.0,12.0,2.4,3,2024,Spring,,,,,
2024-04,16.3,22.4,11.5,4,2024,Spring,,,,,
2024-05,18.5,23.7,13.8,5,2024,Spring,,,,,
2024-06,24.6,30.1,19.9,6,2024,Summer,,,,,
2024-07,26.6,29.6,24.1,7,2024,Summer,,,,,
